[
    {
        "campaign_id": "CAMP001",
        "channel": "Display",
        "average_spend": 1155.0,
        "conversion_rate": 0.133,
        "effective_states": [
            "MI"
        ]
    },
    {
        "campaign_id": "CAMP001",
        "channel": "SEM",
        "average_spend": 3990.0,
        "conversion_rate": 0.078,
        "effective_states": [
            "CA"
        ]
    },
    {
        "campaign_id": "CAMP001",
        "channel": "Social",
        "average_spend": 3851.0,
        "conversion_rate": 0.109,
        "effective_states": [
            "FL"
        ]
    },
    {
        "campaign_id": "CAMP001",
        "channel": "TV",
        "average_spend": 3515.5,
        "conversion_rate": 0.11,
        "effective_states": [
            "OH"
        ]
    },
    {
        "campaign_id": "CAMP002",
        "channel": "Display",
        "average_spend": 2114.0,
        "conversion_rate": 0.051,
        "effective_states": [
            "GA"
        ]
    },
    {
        "campaign_id": "CAMP002",
        "channel": "SEM",
        "average_spend": 1560.0,
        "conversion_rate": 0.159,
        "effective_states": [
            "MI"
        ]
    },
    {
        "campaign_id": "CAMP002",
        "channel": "Social",
        "average_spend": 1489.25,
        "conversion_rate": 0.091,
        "effective_states": [
            "FL",
            "IL",
            "TX"
        ]
    },
    {
        "campaign_id": "CAMP003",
        "channel": "Display",
        "average_spend": 4398.0,
        "conversion_rate": 0.097,
        "effective_states": [
            "GA"
        ]
    },
    {
        "campaign_id": "CAMP003",
        "channel": "SEM",
        "average_spend": 3129.0,
        "conversion_rate": 0.15,
        "effective_states": [
            "PA",
            "TX"
        ]
    },
    {
        "campaign_id": "CAMP003",
        "channel": "Social",
        "average_spend": 2917.67,
        "conversion_rate": 0.142,
        "effective_states": [
            "FL",
            "GA",
            "IL"
        ]
    },
    {
        "campaign_id": "CAMP004",
        "channel": "Display",
        "average_spend": 2145.0,
        "conversion_rate": 0.139,
        "effective_states": [
            "FL",
            "OH"
        ]
    },
    {
        "campaign_id": "CAMP004",
        "channel": "TV",
        "average_spend": 264.0,
        "conversion_rate": 0.176,
        "effective_states": [
            "OH"
        ]
    },
    {
        "campaign_id": "CAMP005",
        "channel": "SEM",
        "average_spend": 1910.5,
        "conversion_rate": 0.081,
        "effective_states": [
            "FL"
        ]
    },
    {
        "campaign_id": "CAMP005",
        "channel": "TV",
        "average_spend": 3727.0,
        "conversion_rate": 0.084,
        "effective_states": [
            "GA"
        ]
    },
    {
        "campaign_id": "CAMP006",
        "channel": "SEM",
        "average_spend": 2344.2,
        "conversion_rate": 0.104,
        "effective_states": [
            "FL",
            "MI",
            "NY",
            "TX"
        ]
    },
    {
        "campaign_id": "CAMP006",
        "channel": "TV",
        "average_spend": 3134.5,
        "conversion_rate": 0.138,
        "effective_states": [
            "CA",
            "OH"
        ]
    },
    {
        "campaign_id": "CAMP007",
        "channel": "Display",
        "average_spend": 4244.0,
        "conversion_rate": 0.079,
        "effective_states": [
            "CA"
        ]
    },
    {
        "campaign_id": "CAMP007",
        "channel": "SEM",
        "average_spend": 2780.0,
        "conversion_rate": 0.094,
        "effective_states": [
            "NC",
            "NY"
        ]
    },
    {
        "campaign_id": "CAMP007",
        "channel": "TV",
        "average_spend": 1630.5,
        "conversion_rate": 0.102,
        "effective_states": [
            "FL",
            "PA"
        ]
    },
    {
        "campaign_id": "CAMP008",
        "channel": "Display",
        "average_spend": 1103.0,
        "conversion_rate": 0.133,
        "effective_states": [
            "CA"
        ]
    },
    {
        "campaign_id": "CAMP008",
        "channel": "SEM",
        "average_spend": 3255.0,
        "conversion_rate": 0.125,
        "effective_states": [
            "NY"
        ]
    },
    {
        "campaign_id": "CAMP008",
        "channel": "Social",
        "average_spend": 2142.5,
        "conversion_rate": 0.154,
        "effective_states": [
            "GA",
            "NC"
        ]
    },
    {
        "campaign_id": "CAMP008",
        "channel": "TV",
        "average_spend": 1989.5,
        "conversion_rate": 0.106,
        "effective_states": [
            "NY",
            "TX"
        ]
    },
    {
        "campaign_id": "CAMP009",
        "channel": "Display",
        "average_spend": 4457.0,
        "conversion_rate": 0.066,
        "effective_states": [
            "GA"
        ]
    },
    {
        "campaign_id": "CAMP009",
        "channel": "Social",
        "average_spend": 2703.0,
        "conversion_rate": 0.05,
        "effective_states": [
            "PA"
        ]
    },
    {
        "campaign_id": "CAMP009",
        "channel": "TV",
        "average_spend": 2801.0,
        "conversion_rate": 0.163,
        "effective_states": [
            "GA"
        ]
    },
    {
        "campaign_id": "CAMP010",
        "channel": "SEM",
        "average_spend": 1928.0,
        "conversion_rate": 0.106,
        "effective_states": [
            "IL",
            "MI"
        ]
    },
    {
        "campaign_id": "CAMP010",
        "channel": "Social",
        "average_spend": 4171.0,
        "conversion_rate": 0.069,
        "effective_states": [
            "GA"
        ]
    },
    {
        "campaign_id": "CAMP010",
        "channel": "TV",
        "average_spend": 2941.0,
        "conversion_rate": 0.067,
        "effective_states": [
            "FL"
        ]
    },
    {
        "campaign_id": "CAMP011",
        "channel": "SEM",
        "average_spend": 3554.0,
        "conversion_rate": 0.166,
        "effective_states": [
            "NC",
            "PA"
        ]
    },
    {
        "campaign_id": "CAMP011",
        "channel": "Social",
        "average_spend": 2206.0,
        "conversion_rate": 0.14,
        "effective_states": [
            "IL"
        ]
    },
    {
        "campaign_id": "CAMP011",
        "channel": "TV",
        "average_spend": 4085.0,
        "conversion_rate": 0.191,
        "effective_states": [
            "FL",
            "TX"
        ]
    },
    {
        "campaign_id": "CAMP012",
        "channel": "Display",
        "average_spend": 1342.5,
        "conversion_rate": 0.076,
        "effective_states": [
            "IL",
            "NY"
        ]
    },
    {
        "campaign_id": "CAMP012",
        "channel": "SEM",
        "average_spend": 2324.0,
        "conversion_rate": 0.064,
        "effective_states": [
            "GA"
        ]
    },
    {
        "campaign_id": "CAMP012",
        "channel": "TV",
        "average_spend": 4149.0,
        "conversion_rate": 0.052,
        "effective_states": [
            "NC"
        ]
    },
    {
        "campaign_id": "CAMP013",
        "channel": "Display",
        "average_spend": 1089.0,
        "conversion_rate": 0.185,
        "effective_states": [
            "IL"
        ]
    },
    {
        "campaign_id": "CAMP013",
        "channel": "SEM",
        "average_spend": 1359.0,
        "conversion_rate": 0.066,
        "effective_states": [
            "TX"
        ]
    },
    {
        "campaign_id": "CAMP013",
        "channel": "Social",
        "average_spend": 4178.0,
        "conversion_rate": 0.124,
        "effective_states": [
            "FL",
            "GA",
            "NY"
        ]
    },
    {
        "campaign_id": "CAMP013",
        "channel": "TV",
        "average_spend": 3921.0,
        "conversion_rate": 0.154,
        "effective_states": [
            "OH"
        ]
    },
    {
        "campaign_id": "CAMP014",
        "channel": "Display",
        "average_spend": 2299.5,
        "conversion_rate": 0.085,
        "effective_states": [
            "CA"
        ]
    },
    {
        "campaign_id": "CAMP014",
        "channel": "SEM",
        "average_spend": 2192.0,
        "conversion_rate": 0.145,
        "effective_states": [
            "FL",
            "MI"
        ]
    },
    {
        "campaign_id": "CAMP014",
        "channel": "Social",
        "average_spend": 4171.0,
        "conversion_rate": 0.176,
        "effective_states": [
            "NY",
            "PA"
        ]
    },
    {
        "campaign_id": "CAMP014",
        "channel": "TV",
        "average_spend": 3710.5,
        "conversion_rate": 0.142,
        "effective_states": [
            "PA",
            "TX"
        ]
    },
    {
        "campaign_id": "CAMP015",
        "channel": "Display",
        "average_spend": 3687.0,
        "conversion_rate": 0.11,
        "effective_states": [
            "GA"
        ]
    },
    {
        "campaign_id": "CAMP015",
        "channel": "SEM",
        "average_spend": 4011.0,
        "conversion_rate": 0.1,
        "effective_states": [
            "MI"
        ]
    },
    {
        "campaign_id": "CAMP015",
        "channel": "Social",
        "average_spend": 1919.0,
        "conversion_rate": 0.125,
        "effective_states": [
            "GA"
        ]
    },
    {
        "campaign_id": "CAMP015",
        "channel": "TV",
        "average_spend": 3061.0,
        "conversion_rate": 0.083,
        "effective_states": [
            "GA",
            "TX"
        ]
    },
    {
        "campaign_id": "CAMP016",
        "channel": "SEM",
        "average_spend": 4079.0,
        "conversion_rate": 0.1,
        "effective_states": [
            "CA"
        ]
    },
    {
        "campaign_id": "CAMP016",
        "channel": "Social",
        "average_spend": 1815.0,
        "conversion_rate": 0.142,
        "effective_states": [
            "NC",
            "OH"
        ]
    },
    {
        "campaign_id": "CAMP017",
        "channel": "SEM",
        "average_spend": 3590.5,
        "conversion_rate": 0.155,
        "effective_states": [
            "MI",
            "TX"
        ]
    },
    {
        "campaign_id": "CAMP018",
        "channel": "Display",
        "average_spend": 2499.0,
        "conversion_rate": 0.116,
        "effective_states": [
            "FL",
            "NC",
            "OH",
            "PA"
        ]
    },
    {
        "campaign_id": "CAMP018",
        "channel": "Social",
        "average_spend": 1329.0,
        "conversion_rate": 0.162,
        "effective_states": [
            "GA"
        ]
    },
    {
        "campaign_id": "CAMP019",
        "channel": "SEM",
        "average_spend": 4434.0,
        "conversion_rate": 0.068,
        "effective_states": [
            "NC",
            "NY"
        ]
    },
    {
        "campaign_id": "CAMP021",
        "channel": "SEM",
        "average_spend": 3621.5,
        "conversion_rate": 0.161,
        "effective_states": [
            "MI",
            "TX"
        ]
    },
    {
        "campaign_id": "CAMP021",
        "channel": "Social",
        "average_spend": 3581.0,
        "conversion_rate": 0.088,
        "effective_states": [
            "NY"
        ]
    },
    {
        "campaign_id": "CAMP022",
        "channel": "Display",
        "average_spend": 3969.0,
        "conversion_rate": 0.055,
        "effective_states": [
            "NY"
        ]
    },
    {
        "campaign_id": "CAMP022",
        "channel": "Social",
        "average_spend": 4097.0,
        "conversion_rate": 0.197,
        "effective_states": [
            "NC"
        ]
    },
    {
        "campaign_id": "CAMP022",
        "channel": "TV",
        "average_spend": 3281.0,
        "conversion_rate": 0.115,
        "effective_states": [
            "MI",
            "PA"
        ]
    },
    {
        "campaign_id": "CAMP023",
        "channel": "Display",
        "average_spend": 1816.0,
        "conversion_rate": 0.061,
        "effective_states": [
            "GA"
        ]
    },
    {
        "campaign_id": "CAMP023",
        "channel": "SEM",
        "average_spend": 4744.0,
        "conversion_rate": 0.091,
        "effective_states": [
            "FL"
        ]
    },
    {
        "campaign_id": "CAMP023",
        "channel": "TV",
        "average_spend": 3124.0,
        "conversion_rate": 0.076,
        "effective_states": [
            "GA"
        ]
    },
    {
        "campaign_id": "CAMP024",
        "channel": "Display",
        "average_spend": 4779.0,
        "conversion_rate": 0.108,
        "effective_states": [
            "IL"
        ]
    },
    {
        "campaign_id": "CAMP024",
        "channel": "SEM",
        "average_spend": 3825.0,
        "conversion_rate": 0.051,
        "effective_states": [
            "GA"
        ]
    },
    {
        "campaign_id": "CAMP024",
        "channel": "Social",
        "average_spend": 3105.67,
        "conversion_rate": 0.174,
        "effective_states": [
            "GA",
            "MI",
            "OH"
        ]
    },
    {
        "campaign_id": "CAMP025",
        "channel": "Display",
        "average_spend": 985.0,
        "conversion_rate": 0.107,
        "effective_states": [
            "NC"
        ]
    },
    {
        "campaign_id": "CAMP025",
        "channel": "Social",
        "average_spend": 4208.4,
        "conversion_rate": 0.128,
        "effective_states": [
            "CA",
            "FL",
            "IL",
            "MI",
            "NY"
        ]
    },
    {
        "campaign_id": "CAMP025",
        "channel": "TV",
        "average_spend": 2993.5,
        "conversion_rate": 0.07,
        "effective_states": [
            "MI",
            "PA"
        ]
    },
    {
        "campaign_id": "CAMP026",
        "channel": "Display",
        "average_spend": 2680.0,
        "conversion_rate": 0.194,
        "effective_states": [
            "PA"
        ]
    },
    {
        "campaign_id": "CAMP026",
        "channel": "SEM",
        "average_spend": 1436.0,
        "conversion_rate": 0.056,
        "effective_states": [
            "GA"
        ]
    },
    {
        "campaign_id": "CAMP027",
        "channel": "Display",
        "average_spend": 3464.0,
        "conversion_rate": 0.145,
        "effective_states": [
            "FL",
            "PA"
        ]
    },
    {
        "campaign_id": "CAMP027",
        "channel": "SEM",
        "average_spend": 2714.5,
        "conversion_rate": 0.099,
        "effective_states": [
            "IL",
            "PA"
        ]
    },
    {
        "campaign_id": "CAMP028",
        "channel": "Display",
        "average_spend": 2579.0,
        "conversion_rate": 0.149,
        "effective_states": [
            "GA",
            "IL",
            "OH"
        ]
    },
    {
        "campaign_id": "CAMP028",
        "channel": "Social",
        "average_spend": 3599.0,
        "conversion_rate": 0.125,
        "effective_states": [
            "OH"
        ]
    },
    {
        "campaign_id": "CAMP028",
        "channel": "TV",
        "average_spend": 1800.0,
        "conversion_rate": 0.144,
        "effective_states": [
            "FL"
        ]
    },
    {
        "campaign_id": "CAMP029",
        "channel": "SEM",
        "average_spend": 900.0,
        "conversion_rate": 0.188,
        "effective_states": [
            "OH"
        ]
    },
    {
        "campaign_id": "CAMP029",
        "channel": "Social",
        "average_spend": 3063.33,
        "conversion_rate": 0.149,
        "effective_states": [
            "CA",
            "NC",
            "TX"
        ]
    },
    {
        "campaign_id": "CAMP031",
        "channel": "Display",
        "average_spend": 396.0,
        "conversion_rate": 0.13,
        "effective_states": [
            "PA"
        ]
    },
    {
        "campaign_id": "CAMP031",
        "channel": "SEM",
        "average_spend": 2080.0,
        "conversion_rate": 0.08,
        "effective_states": [
            "MI",
            "NC"
        ]
    },
    {
        "campaign_id": "CAMP031",
        "channel": "Social",
        "average_spend": 1334.0,
        "conversion_rate": 0.114,
        "effective_states": [
            "MI"
        ]
    },
    {
        "campaign_id": "CAMP031",
        "channel": "TV",
        "average_spend": 3399.0,
        "conversion_rate": 0.133,
        "effective_states": [
            "GA",
            "PA"
        ]
    },
    {
        "campaign_id": "CAMP032",
        "channel": "Display",
        "average_spend": 3805.0,
        "conversion_rate": 0.192,
        "effective_states": [
            "OH"
        ]
    },
    {
        "campaign_id": "CAMP032",
        "channel": "SEM",
        "average_spend": 4592.0,
        "conversion_rate": 0.187,
        "effective_states": [
            "NC"
        ]
    },
    {
        "campaign_id": "CAMP032",
        "channel": "Social",
        "average_spend": 230.0,
        "conversion_rate": 0.152,
        "effective_states": [
            "MI"
        ]
    },
    {
        "campaign_id": "CAMP032",
        "channel": "TV",
        "average_spend": 2454.0,
        "conversion_rate": 0.103,
        "effective_states": [
            "GA",
            "IL",
            "NC"
        ]
    },
    {
        "campaign_id": "CAMP033",
        "channel": "SEM",
        "average_spend": 2464.0,
        "conversion_rate": 0.065,
        "effective_states": [
            "NY"
        ]
    },
    {
        "campaign_id": "CAMP034",
        "channel": "Social",
        "average_spend": 797.0,
        "conversion_rate": 0.136,
        "effective_states": [
            "NY"
        ]
    },
    {
        "campaign_id": "CAMP035",
        "channel": "Display",
        "average_spend": 3265.0,
        "conversion_rate": 0.113,
        "effective_states": [
            "FL"
        ]
    },
    {
        "campaign_id": "CAMP035",
        "channel": "SEM",
        "average_spend": 835.0,
        "conversion_rate": 0.183,
        "effective_states": [
            "MI"
        ]
    },
    {
        "campaign_id": "CAMP035",
        "channel": "TV",
        "average_spend": 2177.0,
        "conversion_rate": 0.095,
        "effective_states": [
            "OH"
        ]
    },
    {
        "campaign_id": "CAMP036",
        "channel": "SEM",
        "average_spend": 1300.0,
        "conversion_rate": 0.09,
        "effective_states": [
            "GA"
        ]
    },
    {
        "campaign_id": "CAMP036",
        "channel": "Social",
        "average_spend": 2135.0,
        "conversion_rate": 0.112,
        "effective_states": [
            "MI"
        ]
    },
    {
        "campaign_id": "CAMP036",
        "channel": "TV",
        "average_spend": 4470.0,
        "conversion_rate": 0.144,
        "effective_states": [
            "CA"
        ]
    },
    {
        "campaign_id": "CAMP037",
        "channel": "Display",
        "average_spend": 3008.33,
        "conversion_rate": 0.133,
        "effective_states": [
            "FL",
            "GA",
            "NY"
        ]
    },
    {
        "campaign_id": "CAMP037",
        "channel": "SEM",
        "average_spend": 2662.0,
        "conversion_rate": 0.155,
        "effective_states": [
            "TX"
        ]
    },
    {
        "campaign_id": "CAMP037",
        "channel": "Social",
        "average_spend": 4485.0,
        "conversion_rate": 0.091,
        "effective_states": [
            "CA"
        ]
    },
    {
        "campaign_id": "CAMP037",
        "channel": "TV",
        "average_spend": 1862.0,
        "conversion_rate": 0.15,
        "effective_states": [
            "IL"
        ]
    },
    {
        "campaign_id": "CAMP038",
        "channel": "Display",
        "average_spend": 3885.0,
        "conversion_rate": 0.088,
        "effective_states": [
            "TX"
        ]
    },
    {
        "campaign_id": "CAMP038",
        "channel": "SEM",
        "average_spend": 4066.0,
        "conversion_rate": 0.198,
        "effective_states": [
            "TX"
        ]
    },
    {
        "campaign_id": "CAMP038",
        "channel": "TV",
        "average_spend": 559.0,
        "conversion_rate": 0.073,
        "effective_states": [
            "IL"
        ]
    },
    {
        "campaign_id": "CAMP039",
        "channel": "SEM",
        "average_spend": 1651.0,
        "conversion_rate": 0.129,
        "effective_states": [
            "OH"
        ]
    },
    {
        "campaign_id": "CAMP040",
        "channel": "Display",
        "average_spend": 738.0,
        "conversion_rate": 0.042,
        "effective_states": []
    },
    {
        "campaign_id": "CAMP040",
        "channel": "SEM",
        "average_spend": 3322.0,
        "conversion_rate": 0.148,
        "effective_states": [
            "FL",
            "NC"
        ]
    },
    {
        "campaign_id": "CAMP040",
        "channel": "Social",
        "average_spend": 3600.0,
        "conversion_rate": 0.185,
        "effective_states": [
            "OH"
        ]
    },
    {
        "campaign_id": "CAMP040",
        "channel": "TV",
        "average_spend": 1418.67,
        "conversion_rate": 0.095,
        "effective_states": [
            "IL",
            "OH",
            "PA"
        ]
    },
    {
        "campaign_id": "CAMP041",
        "channel": "Display",
        "average_spend": 3322.0,
        "conversion_rate": 0.11,
        "effective_states": [
            "FL"
        ]
    },
    {
        "campaign_id": "CAMP041",
        "channel": "Social",
        "average_spend": 2949.0,
        "conversion_rate": 0.094,
        "effective_states": [
            "MI",
            "TX"
        ]
    },
    {
        "campaign_id": "CAMP041",
        "channel": "TV",
        "average_spend": 2173.0,
        "conversion_rate": 0.17,
        "effective_states": [
            "MI"
        ]
    },
    {
        "campaign_id": "CAMP042",
        "channel": "Display",
        "average_spend": 3040.0,
        "conversion_rate": 0.155,
        "effective_states": [
            "IL"
        ]
    },
    {
        "campaign_id": "CAMP042",
        "channel": "SEM",
        "average_spend": 3103.33,
        "conversion_rate": 0.129,
        "effective_states": [
            "FL",
            "GA",
            "IL"
        ]
    },
    {
        "campaign_id": "CAMP042",
        "channel": "Social",
        "average_spend": 4659.0,
        "conversion_rate": 0.142,
        "effective_states": [
            "MI"
        ]
    },
    {
        "campaign_id": "CAMP042",
        "channel": "TV",
        "average_spend": 1571.5,
        "conversion_rate": 0.131,
        "effective_states": [
            "PA",
            "TX"
        ]
    },
    {
        "campaign_id": "CAMP043",
        "channel": "SEM",
        "average_spend": 2702.5,
        "conversion_rate": 0.094,
        "effective_states": [
            "NC",
            "TX"
        ]
    },
    {
        "campaign_id": "CAMP043",
        "channel": "Social",
        "average_spend": 1055.0,
        "conversion_rate": 0.134,
        "effective_states": [
            "FL",
            "GA"
        ]
    },
    {
        "campaign_id": "CAMP044",
        "channel": "Display",
        "average_spend": 3012.33,
        "conversion_rate": 0.133,
        "effective_states": [
            "FL",
            "OH"
        ]
    },
    {
        "campaign_id": "CAMP044",
        "channel": "SEM",
        "average_spend": 2531.5,
        "conversion_rate": 0.17,
        "effective_states": [
            "IL",
            "TX"
        ]
    },
    {
        "campaign_id": "CAMP044",
        "channel": "Social",
        "average_spend": 735.0,
        "conversion_rate": 0.158,
        "effective_states": [
            "TX"
        ]
    },
    {
        "campaign_id": "CAMP044",
        "channel": "TV",
        "average_spend": 4428.5,
        "conversion_rate": 0.105,
        "effective_states": [
            "NC"
        ]
    },
    {
        "campaign_id": "CAMP045",
        "channel": "Display",
        "average_spend": 4253.0,
        "conversion_rate": 0.136,
        "effective_states": [
            "NC"
        ]
    },
    {
        "campaign_id": "CAMP045",
        "channel": "SEM",
        "average_spend": 1244.0,
        "conversion_rate": 0.164,
        "effective_states": [
            "CA"
        ]
    },
    {
        "campaign_id": "CAMP046",
        "channel": "Display",
        "average_spend": 1274.0,
        "conversion_rate": 0.155,
        "effective_states": [
            "OH"
        ]
    },
    {
        "campaign_id": "CAMP047",
        "channel": "Display",
        "average_spend": 2990.0,
        "conversion_rate": 0.095,
        "effective_states": [
            "FL"
        ]
    },
    {
        "campaign_id": "CAMP047",
        "channel": "SEM",
        "average_spend": 4055.0,
        "conversion_rate": 0.142,
        "effective_states": [
            "TX"
        ]
    },
    {
        "campaign_id": "CAMP048",
        "channel": "Display",
        "average_spend": 4171.0,
        "conversion_rate": 0.062,
        "effective_states": [
            "FL"
        ]
    },
    {
        "campaign_id": "CAMP048",
        "channel": "SEM",
        "average_spend": 2503.0,
        "conversion_rate": 0.155,
        "effective_states": [
            "FL"
        ]
    },
    {
        "campaign_id": "CAMP049",
        "channel": "SEM",
        "average_spend": 4373.5,
        "conversion_rate": 0.16,
        "effective_states": [
            "GA",
            "MI"
        ]
    },
    {
        "campaign_id": "CAMP049",
        "channel": "Social",
        "average_spend": 4586.0,
        "conversion_rate": 0.072,
        "effective_states": [
            "FL"
        ]
    },
    {
        "campaign_id": "CAMP050",
        "channel": "Display",
        "average_spend": 1916.0,
        "conversion_rate": 0.176,
        "effective_states": [
            "CA"
        ]
    },
    {
        "campaign_id": "CAMP050",
        "channel": "SEM",
        "average_spend": 1463.0,
        "conversion_rate": 0.107,
        "effective_states": [
            "TX"
        ]
    }
]