{
  "sms": {
    "content": "\ud83d\udce2 Hi [First Name], don't miss out! Enroll in our new Medicaid plan with lower premiums today and save on your healthcare costs. Click here to sign up now: [Enrollment Link] \ud83d\udc8a #HealthCare #Medicaid"
  },
  "linkedin": {
    "content": "Introducing our new Medicaid plan with lower premiums! \ud83c\udf89 Designed to provide comprehensive pharmacy benefit management and integrated care solutions, our plan ensures cost-effectiveness without compromising on quality. Discover how your organization can benefit from improved healthcare outcomes and reduced medication costs. Read our latest case study to learn more about the advantages our Medicaid plan offers to employers and health plan decision-makers. Let's work together to enhance your healthcare strategy! \ud83d\udcc8",
    "banner": {
      "title": "Launch of New Medicaid Plan \ud83c\udf89",
      "subtitle": "Lower Premiums | Enhanced Benefits",
      "message": "Discover how our comprehensive Medicaid plan can reduce your healthcare costs while improving member outcomes. Partner with OptumRx for a smarter healthcare solution.",
      "cta": {
        "text": "Learn More",
        "link": "https://www.optumrx.com/medicaid-plan"
      },
      "design_instructions": "Use a professional layout with a clean design. Title should be bold and positioned at the top center with a font size of 24px. Subtitle placed directly below the title in a smaller font (18px) with a complementary color. The main message should be centered in the middle with a font size of 16px. CTA button should be prominently placed at the bottom center, using a contrasting color for visibility. Incorporate OptumRx branding colors and include a relevant high-quality image from https://unsplash.com/s/photos/healthcare. Ensure ample whitespace and a balanced layout using Tailwind CSS utilities."
    }
  },
  "instagram": {
    "content": "\ud83c\udf1f Success Story Spotlight! Meet Jane, a Medicaid user who saved 20% on her medication costs with our new Medicaid plan. Our streamlined enrollment process made it easy for her to access the care she needs. Swipe up to see how you can benefit too! \ud83d\udc8a\u2728 #OptumRx #MedicaidMadeEasy #HealthcareSavings",
    "banner": {
      "title": "New Medicaid Plan Launch \ud83d\ude80",
      "subtitle": "Lower Premiums, Better Care",
      "message": "Join thousands of satisfied members who are saving on their healthcare costs with our new Medicaid plan. Simple enrollment, comprehensive coverage.",
      "cta": {
        "text": "Enroll Now",
        "link": "https://www.optumrx.com/medicaid-plan"
      },
      "design_instructions": "Create a visually engaging layout with vibrant colors and eye-catching graphics. Title should be large and centered at the top with a playful font (28px). Subtitle beneath the title in a stylish, smaller font (20px). The main message should be placed centrally with clear, readable text (16px). CTA button should be at the bottom with rounded edges and a bold color using Tailwind CSS. Use high-quality images or illustrations from https://unsplash.com/s/photos/healthcare, ensuring they fill the banner area while maintaining aspect ratio. Include interactive elements like icons or emojis to enhance engagement."
    }
  },
  "twitter": {
    "content": "\ud83d\udce2 Exciting news! We've launched a new Medicaid plan with lower premiums to help you save on healthcare costs. Join our live Q&A this Wednesday at 2 PM to learn more and ask your questions! \ud83d\udcac #Medicaid #HealthCare #OptumRx",
    "banner": {
      "title": "New Medicaid Plan Available!",
      "subtitle": "Lower Premiums, Enhanced Benefits",
      "message": "Enroll today and take advantage of our comprehensive Medicaid plan designed to lower your healthcare costs while providing top-notch care.",
      "cta": {
        "text": "Learn More",
        "link": "https://www.optumrx.com/medicaid-plan"
      },
      "design_instructions": "Design a dynamic and engaging banner using a horizontal layout suitable for Twitter. Title should be bold and placed at the top left with a font size of 22px. Subtitle directly below the title in a slightly smaller font (16px). The main message should be on the right side, ensuring readability with a font size of 14px. CTA button should be prominently placed at the bottom right, utilizing a standout color with Tailwind CSS classes. Incorporate relevant imagery from https://unsplash.com/s/photos/healthcare, ensuring images are fully stretched to fit the banner while preserving aspect ratio. Maintain a clean and uncluttered look with appropriate whitespace."
    }
  },
  "directmail": {
    "content": "Dear Valued Customer,\n\nWe are excited to announce the launch of our new Medicaid plan featuring lower premiums and enhanced benefits tailored to meet your healthcare needs. At OptumRx, we are committed to providing you with comprehensive pharmacy benefit management and integrated care solutions to ensure you receive the best possible care at an affordable cost.\n\nOur new Medicaid plan offers:\n\u2022 Lower monthly premiums\n\u2022 Access to a wide range of medications\n\u2022 Personalized medication therapy management\n\u2022 Coordinated care for improved health outcomes\n\nEnroll today and take the first step towards better health and savings. Visit our website or contact our support team for assistance with the enrollment process.\n\nBest regards,\nThe OptumRx Team",
    "banner": {
      "title": "Introducing Our New Medicaid Plan",
      "subtitle": "Lower Premiums & Enhanced Benefits",
      "message": "Join thousands of satisfied members who are saving on their healthcare costs with our comprehensive Medicaid plan. Easy enrollment and personalized support available.",
      "cta": {
        "text": "Enroll Now",
        "link": "https://www.optumrx.com/medicaid-plan"
      },
      "design_instructions": "Design a professional and trustworthy layout suitable for direct mail. Title should be prominently placed at the top center with a font size of 24px, using bold typography. Subtitle should be directly beneath the title in a smaller font (18px) with a complementary color. The main message should be centrally located with clear and concise text (16px). The CTA should be a noticeable button or highlighted text at the bottom center, using a contrasting color to draw attention. Utilize OptumRx branding elements and include a high-quality, relevant image from https://unsplash.com/s/photos/healthcare. Ensure the design is clean with ample whitespace, using Tailwind CSS for consistent spacing and alignment."
    }
  }
}