{
  "nodes": [
    {
      "id": "cc35269c-23a8-4090-b986-78d528b2ebc1",
      "name": "Parent_Orchestrator",
      "explanation": "I will now begin the strategy process",
      "runtime": 3.3448
    },
    {
      "id": "00a5b2ea-9c3f-4935-94c1-7bb21d866d12",
      "name": "Trigger_Specialist",
      "explanation": "Updating Trigger with new campaign",
      "runtime": 0.00035
    },
    {
      "id": "771fcc37-ed41-464c-9957-33e968c3d5cf",
      "name": "Ephermal_Customer_Specialist",
      "explanation": "I have chosen to apply KMeans clustering on standardized customer features (age, num_purchases, total_spent) to partition customers into 3 clusters, revealing distinct segmentation characteristics.",
      "runtime": 4.03107
    },
    {
      "id": "8c7aac82-c033-424a-9c60-639dacb638c0",
      "name": "Ephermal_Historical_Campaign_Specialist",
      "explanation": "I have looked at the data, ill go with applying XGBoost with top features, thereby analysing the historical campaign data.",
      "runtime": 3.86176
    },
    {
      "id": "abbd087f-8297-495b-80e8-f907b010f9f7",
      "name": "Ephermal_Sentiment_Specialist",
      "explanation": "I have chosen to apply a sentiment analysis model to understand the sentiment behind customer reviews, gaining insights into customer opinions and preferences.",
      "runtime": 3.05173
    },
    {
      "id": "493cd07d-a3f3-44b4-8823-244fbb771449",
      "name": "Ephermal_KPI_Specialist",
      "explanation": "I have chosen to analyze business defined KPIs to set our boundaries",
      "runtime": 1.30429
    },
    {
      "id": "a25a3108-1bd4-4cfc-86fd-02aafb33eba4",
      "name": "Ephermal_Competitor_Specialist",
      "explanation": "I have chosen to analyze competitors to understand market trends and competitive opportunities",
      "runtime": 1.8624
    },
    {
      "id": "4eef3384-6f4b-4fc3-8643-812f72806cf7",
      "name": "Ephermal_AB_Testing_Specialist",
      "explanation": "I have chosen to review our previous AB tests results",
      "runtime": 1.43169
    },
    {
      "id": "1b5c25bf-81b3-4dfd-bf85-e9e2c720f3df",
      "name": "Ephermal_Advertising_Specialist",
      "explanation": "I have chosen to review our previous advertising spend data to evaluate our strategy and performance going forward.",
      "runtime": 5.61582
    },
    {
      "id": "085d1747-d51e-4ee5-b97d-5d0d1a1db758",
      "name": "Ephermal_Brand_Guidelines_Specialist",
      "explanation": "I will now structure neccesary brand guidelines for the campaign",
      "runtime": 3.31751
    },
    {
      "id": "00d926d0-4bac-427c-99be-35e592ad70e9",
      "name": "Ephermal_Campaign_Overview_Report_Specialist",
      "explanation": "I will now gather all reports and create a single overview report to make it easier for the human to review and make a decision",
      "runtime": 5.22846
    },
    {
      "id": "a53628ef-6138-43c1-9b1f-57ae5d3bc9cd",
      "name": "Ephermal_Sentiment_Analysis_Specialist"
    },
    {
      "id": "3b379db0-8509-4a97-8a4a-834c4ffe5978",
      "name": "Ephermal_Competitor_Analysis_Specialist"
    },
    {
      "id": "9f1106e1-792b-46c5-81df-eb660f9250c5",
      "name": "Ephermal_Strategy_Specialist",
      "explanation": "Upon looking at the reports, I have identified the strategy for the campaign. Which is ready to be reviewed by a human.",
      "runtime": 32.69424
    },
    {
      "id": "ffb439e9-50d1-4a5c-ad0a-4d17bff98e29",
      "name": "Ephermal_Content_Writer",
      "explanation": "I have read and understood the approved strategy, thereby i have created a content write-up for each channel and defining the style in which I want the banner and what is to be in it.",
      "runtime": 11.97255
    },
    {
      "id": "e02fd5be-1ce6-4109-86da-f211c3b38227",
      "name": "Ephermal_Banner_Generator_Specialist",
      "explanation": "The request and requirement for each channel had been fulfilled, I have gone ahead and created the banners.",
      "runtime": 35.90538
    }
  ],
  "connections": [
    {
      "from": "cc35269c-23a8-4090-b986-78d528b2ebc1",
      "to": "00a5b2ea-9c3f-4935-94c1-7bb21d866d12"
    },
    {
      "from": "cc35269c-23a8-4090-b986-78d528b2ebc1",
      "to": "771fcc37-ed41-464c-9957-33e968c3d5cf"
    },
    {
      "from": "cc35269c-23a8-4090-b986-78d528b2ebc1",
      "to": "8c7aac82-c033-424a-9c60-639dacb638c0"
    },
    {
      "from": "771fcc37-ed41-464c-9957-33e968c3d5cf",
      "to": "8c7aac82-c033-424a-9c60-639dacb638c0"
    },
    {
      "from": "cc35269c-23a8-4090-b986-78d528b2ebc1",
      "to": "abbd087f-8297-495b-80e8-f907b010f9f7"
    },
    {
      "from": "771fcc37-ed41-464c-9957-33e968c3d5cf",
      "to": "abbd087f-8297-495b-80e8-f907b010f9f7"
    },
    {
      "from": "8c7aac82-c033-424a-9c60-639dacb638c0",
      "to": "abbd087f-8297-495b-80e8-f907b010f9f7"
    },
    {
      "from": "cc35269c-23a8-4090-b986-78d528b2ebc1",
      "to": "493cd07d-a3f3-44b4-8823-244fbb771449"
    },
    {
      "from": "cc35269c-23a8-4090-b986-78d528b2ebc1",
      "to": "a25a3108-1bd4-4cfc-86fd-02aafb33eba4"
    },
    {
      "from": "8c7aac82-c033-424a-9c60-639dacb638c0",
      "to": "a25a3108-1bd4-4cfc-86fd-02aafb33eba4"
    },
    {
      "from": "cc35269c-23a8-4090-b986-78d528b2ebc1",
      "to": "4eef3384-6f4b-4fc3-8643-812f72806cf7"
    },
    {
      "from": "493cd07d-a3f3-44b4-8823-244fbb771449",
      "to": "4eef3384-6f4b-4fc3-8643-812f72806cf7"
    },
    {
      "from": "8c7aac82-c033-424a-9c60-639dacb638c0",
      "to": "4eef3384-6f4b-4fc3-8643-812f72806cf7"
    },
    {
      "from": "cc35269c-23a8-4090-b986-78d528b2ebc1",
      "to": "1b5c25bf-81b3-4dfd-bf85-e9e2c720f3df"
    },
    {
      "from": "a25a3108-1bd4-4cfc-86fd-02aafb33eba4",
      "to": "1b5c25bf-81b3-4dfd-bf85-e9e2c720f3df"
    },
    {
      "from": "4eef3384-6f4b-4fc3-8643-812f72806cf7",
      "to": "1b5c25bf-81b3-4dfd-bf85-e9e2c720f3df"
    },
    {
      "from": "8c7aac82-c033-424a-9c60-639dacb638c0",
      "to": "1b5c25bf-81b3-4dfd-bf85-e9e2c720f3df"
    },
    {
      "from": "cc35269c-23a8-4090-b986-78d528b2ebc1",
      "to": "085d1747-d51e-4ee5-b97d-5d0d1a1db758"
    },
    {
      "from": "cc35269c-23a8-4090-b986-78d528b2ebc1",
      "to": "00d926d0-4bac-427c-99be-35e592ad70e9"
    },
    {
      "from": "00a5b2ea-9c3f-4935-94c1-7bb21d866d12",
      "to": "00d926d0-4bac-427c-99be-35e592ad70e9"
    },
    {
      "from": "771fcc37-ed41-464c-9957-33e968c3d5cf",
      "to": "00d926d0-4bac-427c-99be-35e592ad70e9"
    },
    {
      "from": "8c7aac82-c033-424a-9c60-639dacb638c0",
      "to": "00d926d0-4bac-427c-99be-35e592ad70e9"
    },
    {
      "from": "085d1747-d51e-4ee5-b97d-5d0d1a1db758",
      "to": "00d926d0-4bac-427c-99be-35e592ad70e9"
    },
    {
      "from": "493cd07d-a3f3-44b4-8823-244fbb771449",
      "to": "00d926d0-4bac-427c-99be-35e592ad70e9"
    },
    {
      "from": "4eef3384-6f4b-4fc3-8643-812f72806cf7",
      "to": "00d926d0-4bac-427c-99be-35e592ad70e9"
    },
    {
      "from": "1b5c25bf-81b3-4dfd-bf85-e9e2c720f3df",
      "to": "00d926d0-4bac-427c-99be-35e592ad70e9"
    },
    {
      "from": "a53628ef-6138-43c1-9b1f-57ae5d3bc9cd",
      "to": "00d926d0-4bac-427c-99be-35e592ad70e9"
    },
    {
      "from": "3b379db0-8509-4a97-8a4a-834c4ffe5978",
      "to": "00d926d0-4bac-427c-99be-35e592ad70e9"
    },
    {
      "from": "cc35269c-23a8-4090-b986-78d528b2ebc1",
      "to": "00d926d0-4bac-427c-99be-35e592ad70e9"
    },
    {
      "from": "00d926d0-4bac-427c-99be-35e592ad70e9",
      "to": "cc35269c-23a8-4090-b986-78d528b2ebc1"
    },
    {
      "from": "00d926d0-4bac-427c-99be-35e592ad70e9",
      "to": "9f1106e1-792b-46c5-81df-eb660f9250c5"
    },
    {
      "from": "cc35269c-23a8-4090-b986-78d528b2ebc1",
      "to": "9f1106e1-792b-46c5-81df-eb660f9250c5"
    },
    {
      "from": "9f1106e1-792b-46c5-81df-eb660f9250c5",
      "to": "ffb439e9-50d1-4a5c-ad0a-4d17bff98e29"
    },
    {
      "from": "cc35269c-23a8-4090-b986-78d528b2ebc1",
      "to": "ffb439e9-50d1-4a5c-ad0a-4d17bff98e29"
    },
    {
      "from": "ffb439e9-50d1-4a5c-ad0a-4d17bff98e29",
      "to": "e02fd5be-1ce6-4109-86da-f211c3b38227"
    },
    {
      "from": "cc35269c-23a8-4090-b986-78d528b2ebc1",
      "to": "e02fd5be-1ce6-4109-86da-f211c3b38227"
    }
  ]
}