{
    "Parent_Orchestrator": 11.31212,
    "Trigger_Specialist": 0.00035,
    "Ephermal_Customer_Specialist": 4.03107,
    "Ephermal_Historical_Campaign_Specialist": 3.86176,
    "Ephermal_Sentiment_Specialist": 3.05173,
    "Ephermal_KPI_Specialist": 1.30429,
    "Ephermal_Competitor_Specialist": 1.8624,
    "Ephermal_AB_Testing_Specialist": 1.43169,
    "Ephermal_Advertising_Specialist": 5.61582,
    "Ephermal_Brand_Guidelines_Specialist": 3.31751,
    "Ephermal_Campaign_Overview_Report_Specialist": 10.603069999999999,
    "Ephermal_Strategy_Specialist": 32.69424,
    "Ephermal_Content_Writer": 11.97255,
    "Ephermal_Banner_Generator_Specialist": 35.90538
}