{
  "campaign_strategy": {
    "overall": {
      "campaign_id": "CAMP001",
      "campaign_name": "A new Medicaid plan launched with lower premium",
      "goal": "Increase adoption by 30%",
      "target_audience": "Medicaid users",
      "budget": 10000,
      "start_date": "2025-03-05",
      "summary": "Leveraging customer segmentation, historical campaign performance, and competitor analysis, the strategy focuses on high-value segments with a strong emphasis on Direct Mail and influencer partnerships to maximize adoption rates."
    },
    "LinkedIn": {
      "objectives": "Promote the new Medicaid plan to health plan decision-makers and employers to generate B2B leads.",
      "content_recommendations": "Share informative articles, case studies, and success stories highlighting the benefits and cost-effectiveness of the new Medicaid plan.",
      "scheduling": "Post twice a week on Tuesdays and Thursdays during business hours. Schedule Sponsored InMail campaigns to align with decision-makers' availability.",
      "performance_targets": {
        "CTR": "Minimum 3%",
        "Open_Rate": "Minimum 25%",
        "Conversion_Rate": "Minimum 2%"
      },
      "specialized_agent_prompt": "Create a LinkedIn Sponsored InMail campaign highlighting the cost savings and benefits of our new Medicaid plan for employers and health plan managers."
    },
    "Twitter": {
      "objectives": "Engage Medicaid users with real-time updates and support, fostering a community around the new plan.",
      "content_recommendations": "Use a professional and empathetic tone to share updates, answer queries, and provide information through tweets, live Q&A sessions, and engagement with relevant hashtags.",
      "scheduling": "Tweet daily during peak hours (12 PM - 3 PM). Host live Q&A sessions bi-weekly on Wednesdays.",
      "performance_targets": {
        "Engagement_Rate": "Minimum 5%"
      },
      "specialized_agent_prompt": "Develop a series of Twitter posts and live Q&A sessions that address common questions and highlight the benefits of our new Medicaid plan."
    },
    "Instagram": {
      "objectives": "Increase awareness and engagement among Medicaid users through visually appealing and relatable content.",
      "content_recommendations": "Share success stories, behind-the-scenes content, and interactive Stories/Reels showcasing the ease of accessing the new Medicaid plan.",
      "scheduling": "Post three times a week on Mondays, Wednesdays, and Fridays. Utilize Stories daily with interactive elements.",
      "performance_targets": {
        "Engagement_Rate": "Minimum 5%"
      },
      "specialized_agent_prompt": "Create visually appealing Instagram posts and Stories that highlight user success stories and the simplicity of enrolling in our new Medicaid plan."
    },
    "SMS": {
      "objectives": "Provide personalized communication and reminders to encourage enrollment and engagement with the new Medicaid plan.",
      "content_recommendations": "Send tailored messages with enrollment reminders, important updates, and feedback surveys to Medicaid users.",
      "scheduling": "Send messages bi-weekly on Mondays and Thursdays at 10 AM. Schedule reminders one week before key enrollment dates.",
      "performance_targets": {
        "Conversion_Rate": "Minimum 2%"
      },
      "specialized_agent_prompt": "Draft personalized SMS messages that remind users to enroll in our new Medicaid plan and provide important updates."
    },
    "DirectMail": {
      "objectives": "Utilize Direct Mail as a high-conversion channel to provide detailed information and attractive offers, driving higher adoption rates.",
      "content_recommendations": "Send personalized mailers, informational brochures, and exclusive offers detailing the benefits and enrollment process of the new Medicaid plan.",
      "scheduling": "Dispatch mailers once a month, aligning with key enrollment periods. Follow up with reminder postcards two weeks later.",
      "performance_targets": {
        "Conversion_Rate": "Minimum 2%"
      },
      "specialized_agent_prompt": "Design a direct mail campaign featuring personalized mailers and brochures that explain the benefits and enrollment steps for our new Medicaid plan."
    }
  }
}