{
    "Parent_Orchestrator": 2,
    "Trigger_Specialist": 1,
    "Ephermal_Customer_Specialist": 1,
    "Ephermal_Historical_Campaign_Specialist": 1,
    "Ephermal_Sentiment_Specialist": 1,
    "Ephermal_KPI_Specialist": 1,
    "Ephermal_Competitor_Specialist": 1,
    "Ephermal_AB_Testing_Specialist": 1,
    "Ephermal_Advertising_Specialist": 1,
    "Ephermal_Brand_Guidelines_Specialist": 1,
    "Ephermal_Campaign_Overview_Report_Specialist": 2,
    "Ephermal_Strategy_Specialist": 1,
    "Ephermal_Content_Writer": 1,
    "Ephermal_Banner_Generator_Specialist": 1
}