{
  "nodes": [
    {
      "id": "parent",
      "name": "Parent_Orchestrator",
      "explanation": "Coordinates the entire marketing automation process",
      "runtime": 3.5
    },
    {
      "id": "trigger",
      "name": "Trigger_Specialist",
      "explanation": "Handles the campaign trigger data, ensuring it's properly formatted",
      "runtime": 1.2
    },
    {
      "id": "customer",
      "name": "Ephermal_Customer_Specialist",
      "explanation": "Analyzes customer data using clustering techniques to identify segments",
      "runtime": 4.8
    },
    {
      "id": "historical",
      "name": "Ephermal_Historical_Campaign_Specialist",
      "explanation": "Analyzes historical campaign data to identify patterns and strategies",
      "runtime": 3.5
    },
    {
      "id": "sentiment",
      "name": "Ephermal_Sentiment_Specialist",
      "explanation": "Analyzes customer sentiment data to understand opinions and preferences",
      "runtime": 3.5
    },
    {
      "id": "kpi",
      "name": "Ephermal_KPI_Specialist",
      "explanation": "Defines and analyzes Key Performance Indicators (KPIs)",
      "runtime": 1.5
    },
    {
      "id": "competitor",
      "name": "Ephermal_Competitor_Specialist",
      "explanation": "Analyzes competitor data to identify market trends",
      "runtime": 1.9
    },
    {
      "id": "abtesting",
      "name": "Ephermal_AB_Testing_Specialist",
      "explanation": "Reviews previous AB tests results for insights",
      "runtime": 1.1
    },
    {
      "id": "strategy",
      "name": "Ephermal_Strategy_Specialist",
      "explanation": "Develops the comprehensive marketing strategy",
      "runtime": 5.1
    },
    {
      "id": "content",
      "name": "Ephermal_Content_Writer",
      "explanation": "Creates tailored content for each marketing channel",
      "runtime": 4.3
    },
    {
      "id": "banner",
      "name": "Ephermal_Banner_Generator_Specialist",
      "explanation": "Creates visual banners for each channel",
      "runtime": 6.7
    }
  ],
  "connections": [
    {
      "from": "parent",
      "to": "trigger"
    },
    {
      "from": "parent",
      "to": "customer"
    },
    {
      "from": "parent",
      "to": "historical"
    },
    {
      "from": "parent",
      "to": "sentiment"
    },
    {
      "from": "parent",
      "to": "kpi"
    },
    {
      "from": "parent",
      "to": "competitor"
    },
    {
      "from": "parent",
      "to": "abtesting"
    },
    {
      "from": "trigger",
      "to": "strategy"
    },
    {
      "from": "customer",
      "to": "strategy"
    },
    {
      "from": "historical",
      "to": "strategy"
    },
    {
      "from": "sentiment",
      "to": "strategy"
    },
    {
      "from": "kpi",
      "to": "strategy"
    },
    {
      "from": "competitor",
      "to": "strategy"
    },
    {
      "from": "abtesting",
      "to": "strategy"
    },
    {
      "from": "strategy",
      "to": "content"
    },
    {
      "from": "content",
      "to": "banner"
    }
  ]
}
