log_id,timestamp,campaign_id,event_type,details
LOG00001,2025-03-02 23:45:57,CAMP025,webinar_signup,First house analysis tend space heart woman west data.
LOG00002,2025-03-03 17:50:57,CAMP021,email_sent,Force save else provide most myself coach.
LOG00003,2025-03-02 21:30:57,CAMP023,email_sent,International discussion should be set keep maintain leave kitchen quickly.
LOG00004,2025-03-03 13:34:57,CAMP027,sms_sent,Through down woman plan like government stay each.
LOG00005,2025-03-03 07:34:57,CAMP022,email_sent,Federal their reach indeed can.
LOG00006,2025-03-03 12:36:57,CAMP023,link_clicked,Treatment rule care administration research upon true story trouble owner.
LOG00007,2025-03-03 13:26:57,CAMP030,webinar_signup,National born across close treatment large technology before heavy four.
LOG00008,2025-03-03 12:38:57,CAMP049,email_sent,Someone reveal mother huge finally.
LOG00009,2025-03-03 04:00:57,CAMP040,sms_sent,Sell word home option good modern letter.
LOG00010,2025-03-02 22:44:57,CAMP037,sms_sent,Per its opportunity whether radio.
LOG00011,2025-03-03 05:22:57,CAMP031,email_opened,Commercial kind create argue usually quite table positive.
LOG00012,2025-03-03 10:22:57,CAMP047,link_clicked,Lawyer administration will development.
LOG00013,2025-03-02 22:29:57,CAMP022,sms_sent,The very tonight price cause foreign among they thousand follow.
LOG00014,2025-03-02 19:50:57,CAMP026,link_clicked,See check training scene option program have present.
LOG00015,2025-03-03 17:37:57,CAMP015,webinar_signup,Cut former walk few history.
LOG00016,2025-03-03 15:19:57,CAMP027,sms_sent,Whatever whom can get crime education film mean.
LOG00017,2025-03-03 09:48:57,CAMP037,sms_sent,Short money seek I respond popular ten full term way.
LOG00018,2025-03-02 22:45:57,CAMP002,email_opened,Pass sport where subject risk reason market.
LOG00019,2025-03-03 01:31:57,CAMP011,link_clicked,Parent nothing fund discuss population model officer collection.
LOG00020,2025-03-02 22:37:57,CAMP045,webinar_signup,Deep area her industry film long federal.
LOG00021,2025-03-03 12:13:57,CAMP037,email_opened,International remain ever step cup stock decide these central.
LOG00022,2025-03-03 14:33:57,CAMP043,link_clicked,Heart painting away yourself.
LOG00023,2025-03-03 17:09:57,CAMP006,link_clicked,Cultural over floor level participant conference painting heavy.
LOG00024,2025-03-03 14:10:57,CAMP023,sms_sent,According region total likely less PM manager card investment play.
LOG00025,2025-03-03 05:29:57,CAMP011,sms_sent,Property make against until office fund wall wrong air newspaper.
LOG00026,2025-03-03 18:58:57,CAMP043,email_opened,Different response across short know brother.
LOG00027,2025-03-03 12:09:57,CAMP012,link_clicked,Food we look yet gas.
LOG00028,2025-03-03 08:30:57,CAMP006,email_opened,Whatever toward toward home six could rich trade that experience.
LOG00029,2025-03-03 10:56:57,CAMP014,sms_sent,Natural need hour wife return work bill since responsibility beat.
LOG00030,2025-03-03 15:55:57,CAMP047,email_opened,And challenge money television during staff but trip security student.
LOG00031,2025-03-03 13:44:57,CAMP044,webinar_signup,Act call for thing me perform.
LOG00032,2025-03-03 06:13:57,CAMP001,sms_sent,Hot test position other plan physical born we office.
LOG00033,2025-03-03 13:33:57,CAMP023,email_sent,Ago similar defense boy suddenly check own financial realize.
LOG00034,2025-03-03 02:55:57,CAMP036,sms_sent,Room type turn there what poor size so impact budget.
LOG00035,2025-03-02 19:08:57,CAMP014,sms_sent,Organization big beyond enjoy image hope.
LOG00036,2025-03-02 20:11:57,CAMP025,sms_sent,Fire skin government show face.
LOG00037,2025-03-03 10:42:57,CAMP049,email_sent,Development attorney stage step watch news price throughout.
LOG00038,2025-03-03 05:46:57,CAMP009,link_clicked,Answer sometimes find front successful.
LOG00039,2025-03-03 14:26:57,CAMP026,link_clicked,Might degree likely between heavy bar class.
LOG00040,2025-03-03 09:20:57,CAMP044,sms_sent,Partner over only into color.
LOG00041,2025-03-02 22:37:57,CAMP026,webinar_signup,Bill whole scientist miss full glass state.
LOG00042,2025-03-03 16:33:57,CAMP023,sms_sent,Billion two away respond.
LOG00043,2025-03-02 20:08:57,CAMP048,webinar_signup,Walk capital stuff away wait mission.
LOG00044,2025-03-03 18:04:57,CAMP015,webinar_signup,Month some education Republican sort newspaper.
LOG00045,2025-03-03 12:55:57,CAMP050,email_opened,Treatment opportunity card truth into field end tree.
LOG00046,2025-03-03 06:24:57,CAMP024,link_clicked,Only system car operation medical democratic rest.
LOG00047,2025-03-03 01:53:57,CAMP001,webinar_signup,Player both become history red shake building everybody.
LOG00048,2025-03-02 22:32:57,CAMP049,sms_sent,Agency live mention country physical begin west prevent order.
LOG00049,2025-03-03 16:21:57,CAMP042,email_opened,Item might expert lawyer ready find treatment world.
LOG00050,2025-03-03 14:17:57,CAMP032,email_opened,Course board over once matter along nor.
LOG00051,2025-03-03 17:29:57,CAMP014,link_clicked,Better protect agency fire policy.
LOG00052,2025-03-03 04:08:57,CAMP006,link_clicked,Also red relate responsibility member indeed really reach.
LOG00053,2025-03-03 05:53:57,CAMP042,email_opened,Nature cultural put event hour accept artist investment.
LOG00054,2025-03-03 04:28:57,CAMP010,link_clicked,Family here involve along rate receive magazine prepare institution wear.
LOG00055,2025-03-03 08:22:57,CAMP025,sms_sent,Choice level help hand study throw kind boy PM big.
LOG00056,2025-03-03 17:48:57,CAMP017,sms_sent,Fire book watch see bar before product over against.
LOG00057,2025-03-03 12:52:57,CAMP011,sms_sent,Word different theory until television business participant successful Republican.
LOG00058,2025-03-02 19:42:57,CAMP034,email_sent,Southern beautiful family state according black high technology receive rather.
LOG00059,2025-03-03 03:07:57,CAMP006,link_clicked,Number region hot foot traditional.
LOG00060,2025-03-02 19:34:57,CAMP047,email_sent,New throughout her give build past eat me.
LOG00061,2025-03-02 20:36:57,CAMP026,email_sent,Choose exactly really which she land company occur.
LOG00062,2025-03-03 13:30:57,CAMP021,email_opened,Test many simply right chance region nation vote expect so pattern.
LOG00063,2025-03-02 23:23:57,CAMP033,sms_sent,Case should above space learn entire.
LOG00064,2025-03-02 19:34:57,CAMP030,email_sent,Analysis player serious ground much discussion any.
LOG00065,2025-03-03 02:24:57,CAMP042,sms_sent,Relate image matter purpose final school also goal himself.
LOG00066,2025-03-03 04:34:57,CAMP050,email_sent,Attention wife who town bag move upon.
LOG00067,2025-03-03 08:39:57,CAMP028,link_clicked,Sea real chance owner position nice above feel minute.
LOG00068,2025-03-02 21:21:57,CAMP008,webinar_signup,Yourself even more class teach system director support blood travel.
LOG00069,2025-03-03 03:37:57,CAMP033,link_clicked,Fine military out mind.
LOG00070,2025-03-03 02:50:57,CAMP046,link_clicked,Receive score when size break.
LOG00071,2025-03-03 00:44:57,CAMP024,email_sent,Plant teacher relate dark all until agree.
LOG00072,2025-03-03 12:53:57,CAMP028,webinar_signup,Fine thank above ground.
LOG00073,2025-03-03 05:54:57,CAMP044,email_sent,Single ahead whole majority market worker trouble what and my.
LOG00074,2025-03-03 13:52:57,CAMP001,link_clicked,State dinner yet area small part interview where rock.
LOG00075,2025-03-02 22:51:57,CAMP017,email_opened,Congress rise audience every item late many right election several.
LOG00076,2025-03-03 01:25:57,CAMP040,sms_sent,Particularly player live hospital another truth attack gun open.
LOG00077,2025-03-03 04:09:57,CAMP004,sms_sent,From laugh this month value hear consider fund seven.
LOG00078,2025-03-03 09:23:57,CAMP003,email_sent,Section organization bed effort herself lay.
LOG00079,2025-03-03 02:17:57,CAMP030,link_clicked,Most large rich situation once lawyer prove add.
LOG00080,2025-03-03 17:17:57,CAMP039,link_clicked,Probably law assume to water for character meeting.
LOG00081,2025-03-03 10:23:57,CAMP028,link_clicked,West natural break memory bed.
LOG00082,2025-03-02 19:57:57,CAMP019,email_sent,Example small pattern receive heavy continue party green professor.
LOG00083,2025-03-03 00:28:57,CAMP018,email_opened,Wind check lose say care mouth might message worry chance.
LOG00084,2025-03-03 08:59:57,CAMP023,sms_sent,Chair number majority probably town arrive.
LOG00085,2025-03-03 18:24:57,CAMP029,link_clicked,Spend statement half investment thank term.
LOG00086,2025-03-03 08:50:57,CAMP041,email_sent,Call individual brother road hundred turn book expect.
LOG00087,2025-03-02 22:39:57,CAMP008,link_clicked,Air recently table often difficult.
LOG00088,2025-03-03 17:45:57,CAMP035,sms_sent,Give we conference become animal develop where.
LOG00089,2025-03-03 10:30:57,CAMP012,email_sent,Beautiful together hard report similar front onto.
LOG00090,2025-03-03 00:44:57,CAMP007,email_opened,Raise candidate with Mr or space.
LOG00091,2025-03-03 14:03:57,CAMP041,sms_sent,Ball if standard make help involve letter hand this according.
LOG00092,2025-03-03 04:17:57,CAMP018,link_clicked,Plant yeah standard fine score degree only fine coach school.
LOG00093,2025-03-03 03:21:57,CAMP045,webinar_signup,Report TV risk pattern various to allow artist.
LOG00094,2025-03-03 10:40:57,CAMP047,webinar_signup,Throughout mouth if space add especially letter.
LOG00095,2025-03-02 23:34:57,CAMP030,email_sent,Detail actually growth style whole interview culture.
LOG00096,2025-03-03 16:23:57,CAMP021,link_clicked,Improve him mind describe able eat exist standard.
LOG00097,2025-03-03 17:41:57,CAMP010,webinar_signup,Rock production produce police own build.
LOG00098,2025-03-02 21:13:57,CAMP007,sms_sent,Available sound end evening research large fund win.
LOG00099,2025-03-03 01:30:57,CAMP047,email_sent,Operation air doctor this environmental performance hand.
LOG00100,2025-03-03 07:28:57,CAMP041,link_clicked,Themselves impact medical light.
LOG00101,2025-03-03 04:34:57,CAMP026,email_sent,Lead pick simple tree oil sit might hand enjoy response.
LOG00102,2025-03-03 12:43:57,CAMP048,link_clicked,Thank ago between same material base second sport several.
LOG00103,2025-03-02 20:42:57,CAMP048,email_sent,Would report everyone help near.
LOG00104,2025-03-03 04:12:57,CAMP008,email_opened,Political care them address avoid cut popular that.
LOG00105,2025-03-02 23:30:57,CAMP017,link_clicked,Kind so entire skill science go.
LOG00106,2025-03-02 21:59:57,CAMP033,webinar_signup,Owner save wish weight value among prove soon name type.
LOG00107,2025-03-03 10:40:57,CAMP045,email_sent,Support agent reality four sound.
LOG00108,2025-03-03 06:13:57,CAMP037,sms_sent,Serious key second measure trip lay everyone nothing full.
LOG00109,2025-03-03 11:39:57,CAMP049,sms_sent,Audience always authority best book price perhaps need main win.
LOG00110,2025-03-03 09:37:57,CAMP048,email_opened,Mouth feel edge site exist knowledge letter.
LOG00111,2025-03-03 09:33:57,CAMP033,email_sent,Suggest Mr chance answer focus instead middle mission foot accept example.
LOG00112,2025-03-02 22:21:57,CAMP026,email_opened,Seek mind cold difference act.
LOG00113,2025-03-02 19:51:57,CAMP019,link_clicked,Physical option bad thing small likely they her.
LOG00114,2025-03-03 18:49:57,CAMP027,email_opened,Close ahead difference size sea image threat including.
LOG00115,2025-03-03 18:21:57,CAMP027,email_opened,Indeed during same collection his on when myself security develop.
LOG00116,2025-03-03 09:37:57,CAMP018,sms_sent,Meet a treat whose.
LOG00117,2025-03-02 22:33:57,CAMP041,link_clicked,Stuff region bill do add company.
LOG00118,2025-03-03 15:41:57,CAMP015,email_opened,Deal black especially thing free ten.
LOG00119,2025-03-03 18:22:57,CAMP046,link_clicked,Financial other floor for establish there risk responsibility research approach.
LOG00120,2025-03-03 11:27:57,CAMP005,webinar_signup,Home event fear most real do first against media range.
LOG00121,2025-03-03 09:10:57,CAMP047,webinar_signup,Else water baby concern beautiful this production pull visit.
LOG00122,2025-03-03 03:16:57,CAMP038,sms_sent,Begin according attorney kitchen while close management act.
LOG00123,2025-03-02 21:19:57,CAMP039,link_clicked,Phone language family image dog office three issue population.
LOG00124,2025-03-03 00:31:57,CAMP025,sms_sent,Information possible study too space represent.
LOG00125,2025-03-02 23:57:57,CAMP001,link_clicked,Somebody Democrat explain debate a wife four role.
LOG00126,2025-03-03 07:22:57,CAMP021,link_clicked,Watch raise them wish even ball describe war far close.
LOG00127,2025-03-03 03:49:57,CAMP010,sms_sent,Never quite we win walk oil beat.
LOG00128,2025-03-03 01:58:57,CAMP014,webinar_signup,Ready ever campaign majority before think before company garden at.
LOG00129,2025-03-02 19:11:57,CAMP011,sms_sent,Animal dream relationship garden structure pay.
LOG00130,2025-03-03 10:16:57,CAMP026,email_sent,Season something soon certainly.
LOG00131,2025-03-02 20:26:57,CAMP037,email_sent,Gun college how figure.
LOG00132,2025-03-02 21:26:57,CAMP032,webinar_signup,Pass buy factor name case if drug.
LOG00133,2025-03-03 07:12:57,CAMP006,email_opened,Allow difficult everybody recent set.
LOG00134,2025-03-03 00:55:57,CAMP024,link_clicked,When word sea great guy miss group a suddenly.
LOG00135,2025-03-03 09:02:57,CAMP049,link_clicked,Available machine pass maintain southern open.
LOG00136,2025-03-03 03:35:57,CAMP044,sms_sent,Music stop college truth go ball movement economic.
LOG00137,2025-03-03 17:59:57,CAMP010,webinar_signup,According vote station skin memory citizen state suffer.
LOG00138,2025-03-02 23:02:57,CAMP011,webinar_signup,News tonight indeed common worry TV.
LOG00139,2025-03-03 06:59:57,CAMP037,sms_sent,Large establish expert number late house their fill.
LOG00140,2025-03-03 04:49:57,CAMP049,email_sent,Quality number help explain who property.
LOG00141,2025-03-03 09:18:57,CAMP036,sms_sent,Modern lead wide everything expert standard.
LOG00142,2025-03-03 10:59:57,CAMP025,webinar_signup,Believe second hundred would claim offer she.
LOG00143,2025-03-03 14:30:57,CAMP025,webinar_signup,Discuss collection score turn ability.
LOG00144,2025-03-03 14:47:57,CAMP007,sms_sent,Military various week any attention end baby yourself feeling trial.
LOG00145,2025-03-03 11:32:57,CAMP014,email_sent,Tonight concern product three approach order and nice body.
LOG00146,2025-03-02 23:31:57,CAMP019,email_opened,Energy machine dog reason.
LOG00147,2025-03-03 13:34:57,CAMP050,sms_sent,Place break summer enough land across rise hour.
LOG00148,2025-03-03 00:13:57,CAMP027,link_clicked,True top nothing story scientist black paper throughout.
LOG00149,2025-03-03 11:34:57,CAMP027,webinar_signup,Its reduce phone change remember through.
LOG00150,2025-03-03 09:28:57,CAMP021,link_clicked,Draw hospital put there worker marriage rather example loss.
LOG00151,2025-03-02 21:29:57,CAMP007,link_clicked,Machine cover wear coach our least most.
LOG00152,2025-03-03 01:51:57,CAMP035,webinar_signup,Born computer room station imagine.
LOG00153,2025-03-03 05:36:57,CAMP015,sms_sent,Federal number knowledge product keep already want model some.
LOG00154,2025-03-03 02:06:57,CAMP049,sms_sent,Loss they baby real pull share involve citizen science.
LOG00155,2025-03-03 09:13:57,CAMP029,email_opened,Material mission fire prevent group she cultural.
LOG00156,2025-03-03 12:56:57,CAMP026,link_clicked,Both despite never fight investment certain lead former available.
LOG00157,2025-03-03 18:53:57,CAMP035,link_clicked,Continue simply movie realize at also only.
LOG00158,2025-03-03 03:09:57,CAMP042,email_opened,Degree language blood appear month region population condition black dream.
LOG00159,2025-03-02 19:40:57,CAMP007,sms_sent,Paper education special long away.
LOG00160,2025-03-02 23:11:57,CAMP042,sms_sent,Message pick moment dark free national main history rich.
LOG00161,2025-03-03 04:43:57,CAMP027,email_opened,Guess condition continue detail accept may another.
LOG00162,2025-03-02 21:16:57,CAMP002,webinar_signup,Marriage score stock particular will.
LOG00163,2025-03-03 11:20:57,CAMP009,webinar_signup,Pattern provide happy down four white travel because.
LOG00164,2025-03-02 21:50:57,CAMP033,email_sent,Doctor speech choose none no suddenly participant.
LOG00165,2025-03-02 22:32:57,CAMP037,sms_sent,Student clearly together debate their.
LOG00166,2025-03-03 18:13:57,CAMP021,webinar_signup,Night outside education term artist series lot baby.
LOG00167,2025-03-03 10:28:57,CAMP011,webinar_signup,Usually myself list kind beat argue.
LOG00168,2025-03-02 21:38:57,CAMP031,email_sent,Consumer this more care night their study talk their.
LOG00169,2025-03-03 06:21:57,CAMP002,webinar_signup,Question relate but idea stop economy recent special image employee.
LOG00170,2025-03-02 20:40:57,CAMP025,webinar_signup,Although the send record open support should enjoy difference memory.
LOG00171,2025-03-03 01:32:57,CAMP013,email_opened,Scientist series at couple much baby beautiful not.
LOG00172,2025-03-03 03:22:57,CAMP024,email_opened,Practice enjoy process local keep least street human each though.
LOG00173,2025-03-03 13:01:57,CAMP031,email_opened,Ahead present them shoulder camera friend born home beyond able.
LOG00174,2025-03-03 07:59:57,CAMP009,link_clicked,Firm sort look remember court me seem.
LOG00175,2025-03-03 16:47:57,CAMP002,email_opened,Mother Republican then open write most design.
LOG00176,2025-03-02 23:17:57,CAMP030,sms_sent,Bed type baby energy debate visit fine audience.
LOG00177,2025-03-03 10:38:57,CAMP044,webinar_signup,Act wonder evidence as among idea report.
LOG00178,2025-03-03 03:51:57,CAMP016,email_opened,Model treatment respond imagine detail determine event final level.
LOG00179,2025-03-03 03:15:57,CAMP033,email_sent,Above mention activity staff recognize amount power morning.
LOG00180,2025-03-02 22:22:57,CAMP022,email_opened,Once plan read guy trade marriage success.
LOG00181,2025-03-03 10:38:57,CAMP030,email_sent,Knowledge away next son probably end environment ten.
LOG00182,2025-03-03 18:45:57,CAMP048,email_sent,Grow mean claim network picture different relate way.
LOG00183,2025-03-02 19:43:57,CAMP044,sms_sent,Present close bed amount future.
LOG00184,2025-03-03 01:15:57,CAMP031,sms_sent,Almost water if garden piece suffer wish.
LOG00185,2025-03-03 16:35:57,CAMP027,link_clicked,Result professor hot he rock accept first cause.
LOG00186,2025-03-03 00:39:57,CAMP008,webinar_signup,Get film put person woman wait call government age.
LOG00187,2025-03-02 20:54:57,CAMP035,email_sent,Yard some bill forget increase fly personal social.
LOG00188,2025-03-03 04:01:57,CAMP031,email_sent,Well area politics itself sound section down bed music.
LOG00189,2025-03-03 09:00:57,CAMP026,email_sent,Tax red law walk face join well remember interest.
LOG00190,2025-03-03 06:35:57,CAMP026,webinar_signup,Represent child threat design break seven some site voice.
LOG00191,2025-03-02 21:31:57,CAMP042,sms_sent,Seat tend off American price despite herself tonight four perhaps.
LOG00192,2025-03-03 04:22:57,CAMP008,email_sent,Quite safe interest employee by unit.
LOG00193,2025-03-03 14:01:57,CAMP017,webinar_signup,Early series strategy among any in explain argue.
LOG00194,2025-03-03 15:11:57,CAMP047,email_opened,Price herself if probably skin really under cultural.
LOG00195,2025-03-03 06:29:57,CAMP027,link_clicked,Although second spend recent true nothing form rather.
LOG00196,2025-03-03 14:09:57,CAMP016,sms_sent,Kitchen director young explain.
LOG00197,2025-03-03 11:49:57,CAMP017,email_sent,Work their agree suffer however policy allow however rate.
LOG00198,2025-03-03 07:44:57,CAMP042,email_sent,Near wait behavior he unit class.
LOG00199,2025-03-03 03:21:57,CAMP046,sms_sent,He analysis even operation term both base least.
LOG00200,2025-03-03 10:38:57,CAMP049,link_clicked,Body someone truth take.
LOG00201,2025-03-03 07:18:57,CAMP019,sms_sent,Significant even Democrat wall on so.
LOG00202,2025-03-03 07:42:57,CAMP029,link_clicked,Bed seven art still hotel nature able yourself evening.
LOG00203,2025-03-02 23:36:57,CAMP018,webinar_signup,Way final small official leg use require law kind relate radio.
LOG00204,2025-03-03 17:46:57,CAMP049,email_opened,Hospital back pattern level bad sort force floor plant cup.
LOG00205,2025-03-03 13:56:57,CAMP034,link_clicked,Spend soldier authority read some attack even.
LOG00206,2025-03-03 18:06:57,CAMP015,link_clicked,Question however marriage yourself learn air quite.
LOG00207,2025-03-02 23:45:57,CAMP024,link_clicked,Public movement suddenly give guess.
LOG00208,2025-03-03 08:31:57,CAMP046,email_opened,Myself wonder anyone other face firm safe.
LOG00209,2025-03-02 23:37:57,CAMP041,link_clicked,Billion challenge quality mouth meeting produce weight many team well.
LOG00210,2025-03-03 02:46:57,CAMP046,sms_sent,Somebody memory scientist sense evening consumer few consider.
LOG00211,2025-03-02 20:01:57,CAMP019,email_opened,Happen national poor usually character.
LOG00212,2025-03-02 19:16:57,CAMP009,email_opened,Page east design reduce even child effect.
LOG00213,2025-03-02 22:15:57,CAMP019,sms_sent,Long wide Mr weight start different.
LOG00214,2025-03-03 10:13:57,CAMP041,email_opened,Town age friend industry rate television.
LOG00215,2025-03-03 18:02:57,CAMP014,webinar_signup,Beyond program kind also heart give interest.
LOG00216,2025-03-03 08:39:57,CAMP010,webinar_signup,Onto entire everybody yard old back no beautiful customer.
LOG00217,2025-03-03 18:35:57,CAMP017,link_clicked,Blood one dream point.
LOG00218,2025-03-03 01:38:57,CAMP048,webinar_signup,Situation back compare seven base over message expect.
LOG00219,2025-03-03 05:08:57,CAMP031,webinar_signup,Knowledge glass clear relate increase behind society.
LOG00220,2025-03-03 13:11:57,CAMP023,email_opened,Fall east your owner threat.
LOG00221,2025-03-02 22:57:57,CAMP033,link_clicked,Enough sign deal us stage evidence.
LOG00222,2025-03-03 01:08:57,CAMP024,sms_sent,Call office but economic network beat should side few company.
LOG00223,2025-03-03 02:26:57,CAMP042,email_opened,Bag food east marriage degree learn news.
LOG00224,2025-03-03 01:04:57,CAMP031,email_opened,Toward seat matter energy say those mind dream rather.
LOG00225,2025-03-03 02:28:57,CAMP025,email_sent,Nor family magazine in poor participant one growth throughout.
LOG00226,2025-03-02 20:10:57,CAMP005,link_clicked,Tend serve friend really across accept story product.
LOG00227,2025-03-03 11:19:57,CAMP020,email_opened,This reach into your author have close recent lot.
LOG00228,2025-03-03 11:20:57,CAMP010,link_clicked,Inside sign particular lot worry many.
LOG00229,2025-03-02 22:13:57,CAMP050,email_sent,Staff size common new artist small.
LOG00230,2025-03-02 20:48:57,CAMP013,link_clicked,Impact fall common interesting just song medical.
LOG00231,2025-03-03 01:58:57,CAMP030,webinar_signup,Argue enjoy officer future another past girl.
LOG00232,2025-03-02 21:12:57,CAMP001,webinar_signup,Suddenly carry role finish base national several option.
LOG00233,2025-03-03 11:12:57,CAMP048,email_opened,Total see third manager agency enjoy after.
LOG00234,2025-03-03 06:35:57,CAMP043,email_sent,Catch before information serve like position receive the network claim.
LOG00235,2025-03-03 05:23:57,CAMP041,email_sent,Stand sport factor never forget lay business card onto board.
LOG00236,2025-03-03 07:45:57,CAMP033,email_sent,Toward final early road across drive population.
LOG00237,2025-03-03 09:44:57,CAMP036,webinar_signup,War fear will else health direction officer clearly less.
LOG00238,2025-03-03 00:38:57,CAMP006,email_sent,Analysis since field natural play task key book nature.
LOG00239,2025-03-03 03:45:57,CAMP037,webinar_signup,According game face stand different argue tend.
LOG00240,2025-03-03 10:32:57,CAMP016,link_clicked,Theory name organization start marriage by.
LOG00241,2025-03-03 12:45:57,CAMP045,email_opened,Brother size line just figure him meeting still old well.
LOG00242,2025-03-03 11:12:57,CAMP045,sms_sent,Congress image do character way kind miss hold compare.
LOG00243,2025-03-03 12:56:57,CAMP003,webinar_signup,Style staff name lay finally page I interest officer.
LOG00244,2025-03-03 09:55:57,CAMP036,link_clicked,President place near eight source know wife.
LOG00245,2025-03-03 15:52:57,CAMP048,email_opened,Affect note and political stop to so sport huge key.
LOG00246,2025-03-03 16:49:57,CAMP009,webinar_signup,Every raise quickly degree do picture free arm.
LOG00247,2025-03-03 08:39:57,CAMP004,email_opened,Answer where mission turn lay include control.
LOG00248,2025-03-03 11:13:57,CAMP016,webinar_signup,Entire yeah edge white remember term certainly maintain.
LOG00249,2025-03-02 23:09:57,CAMP031,sms_sent,Stuff star these interesting research deal Republican military.
LOG00250,2025-03-03 15:38:57,CAMP035,email_sent,Him their water pressure itself office available region begin.
LOG00251,2025-03-03 08:06:57,CAMP041,email_sent,Must close author doctor position Mrs they popular ten beat receive.
LOG00252,2025-03-03 12:17:57,CAMP031,email_sent,Figure professor democratic share fast off best Republican.
LOG00253,2025-03-03 03:54:57,CAMP006,sms_sent,Mean reveal stock hour list share.
LOG00254,2025-03-03 12:15:57,CAMP007,webinar_signup,Threat behavior resource case education week wind alone four.
LOG00255,2025-03-02 22:52:57,CAMP014,webinar_signup,Into deep call western imagine whether investment who strategy authority.
LOG00256,2025-03-03 02:22:57,CAMP020,webinar_signup,There music none religious common center month office.
LOG00257,2025-03-03 18:40:57,CAMP038,sms_sent,Benefit exactly wear financial fish process.
LOG00258,2025-03-03 15:11:57,CAMP047,sms_sent,Building pressure event not play career.
LOG00259,2025-03-02 21:03:57,CAMP013,webinar_signup,Result condition expect listen thousand piece risk public.
LOG00260,2025-03-02 21:19:57,CAMP040,sms_sent,Family affect everybody range rest structure.
LOG00261,2025-03-03 18:58:57,CAMP017,sms_sent,Pass image start strong likely hit accept say president to.
LOG00262,2025-03-02 22:28:57,CAMP018,sms_sent,Recognize no return step onto trade above.
LOG00263,2025-03-02 21:27:57,CAMP012,link_clicked,Story buy movement same whose really likely.
LOG00264,2025-03-03 01:41:57,CAMP031,webinar_signup,Outside design growth present region room.
LOG00265,2025-03-03 09:18:57,CAMP042,link_clicked,Use watch right military trial pretty.
LOG00266,2025-03-03 09:58:57,CAMP035,email_opened,Amount focus explain class reflect.
LOG00267,2025-03-03 07:21:57,CAMP018,webinar_signup,Get bar produce yes top since prepare nearly research seven.
LOG00268,2025-03-03 01:49:57,CAMP020,sms_sent,Many into card skill but hotel.
LOG00269,2025-03-03 15:11:57,CAMP049,email_opened,Cover moment certainly learn account create bill clearly lot.
LOG00270,2025-03-03 02:21:57,CAMP001,link_clicked,Leg travel store ahead think near next wide first risk car.
LOG00271,2025-03-03 01:36:57,CAMP031,sms_sent,Though after middle choose keep number community step dark standard.
LOG00272,2025-03-03 13:25:57,CAMP012,email_sent,Increase ok heavy red within lot suffer.
LOG00273,2025-03-03 04:15:57,CAMP044,link_clicked,Three some senior exist include.
LOG00274,2025-03-03 15:46:57,CAMP029,link_clicked,Miss who above character stage world without.
LOG00275,2025-03-02 21:13:57,CAMP044,webinar_signup,Use law pick between drop.
LOG00276,2025-03-03 12:45:57,CAMP013,email_sent,Statement car her certainly create however guy thus.
LOG00277,2025-03-03 11:05:57,CAMP014,link_clicked,Hold sound kitchen serious physical risk shake benefit before.
LOG00278,2025-03-03 01:52:57,CAMP020,link_clicked,Put whole current politics than catch create.
LOG00279,2025-03-03 00:53:57,CAMP031,email_sent,Media anyone particular dream yeah full require dinner.
LOG00280,2025-03-02 19:37:57,CAMP020,webinar_signup,Spend bill word message we ground stay across laugh.
LOG00281,2025-03-03 11:49:57,CAMP037,email_opened,Let he although Mrs treatment right.
LOG00282,2025-03-03 07:56:57,CAMP011,email_opened,Agent at its against ok statement movement serious gas.
LOG00283,2025-03-03 05:28:57,CAMP011,email_opened,View whether conference voice skin society population without.
LOG00284,2025-03-02 22:10:57,CAMP043,email_opened,Ask image close body television today word.
LOG00285,2025-03-03 07:53:57,CAMP034,sms_sent,Eight design war marriage child including develop.
LOG00286,2025-03-02 20:41:57,CAMP039,sms_sent,For become laugh scene already black.
LOG00287,2025-03-03 09:48:57,CAMP015,link_clicked,Boy news more effect campaign lose force know.
LOG00288,2025-03-03 02:53:57,CAMP020,link_clicked,Series staff challenge case window light short style lot soldier.
LOG00289,2025-03-03 14:03:57,CAMP020,link_clicked,Take week already meet travel speak officer thus common condition.
LOG00290,2025-03-03 06:55:57,CAMP048,link_clicked,Woman blood discussion media Democrat throw decision build particular.
LOG00291,2025-03-03 03:38:57,CAMP020,sms_sent,Day rich generation participant history near floor force else instead.
LOG00292,2025-03-02 23:46:57,CAMP026,sms_sent,Yourself woman card it five hour want foot certainly.
LOG00293,2025-03-03 18:48:57,CAMP049,sms_sent,Truth teach partner sense green compare feel hotel lawyer population.
LOG00294,2025-03-03 17:06:57,CAMP027,link_clicked,Base address option citizen will attention after minute.
LOG00295,2025-03-02 20:57:57,CAMP009,sms_sent,Argue world officer town appear best.
LOG00296,2025-03-03 09:38:57,CAMP002,email_opened,Suggest before out minute summer.
LOG00297,2025-03-03 11:52:57,CAMP043,link_clicked,Owner against sense remember hand return decision national.
LOG00298,2025-03-03 08:56:57,CAMP024,email_sent,Help onto high likely song draw rock think attention.
LOG00299,2025-03-03 08:00:57,CAMP028,sms_sent,Really together feeling computer light.
LOG00300,2025-03-03 07:52:57,CAMP036,webinar_signup,Use focus long age interesting decade idea machine system.
LOG00301,2025-03-03 12:11:57,CAMP014,webinar_signup,Inside notice side economic.
LOG00302,2025-03-03 01:49:57,CAMP029,link_clicked,Agency after region picture green reduce suffer participant later note argue.
LOG00303,2025-03-03 15:21:57,CAMP005,email_opened,There box character teach break federal page as.
LOG00304,2025-03-03 13:31:57,CAMP021,sms_sent,Collection enjoy agree catch either establish way so natural.
LOG00305,2025-03-02 22:45:57,CAMP031,email_sent,Religious appear year hour health resource.
LOG00306,2025-03-02 20:29:57,CAMP025,sms_sent,Recognize growth result spend land order TV.
LOG00307,2025-03-03 10:28:57,CAMP018,webinar_signup,Break fight executive player fall.
LOG00308,2025-03-02 22:59:57,CAMP025,email_sent,Lot wall teach activity serve near.
LOG00309,2025-03-03 15:32:57,CAMP004,link_clicked,Its let include tell production measure provide lot toward.
LOG00310,2025-03-03 09:34:57,CAMP035,link_clicked,During central situation front there order particular.
LOG00311,2025-03-03 04:02:57,CAMP019,email_sent,Discover few when back only action store better.
LOG00312,2025-03-03 02:53:57,CAMP009,email_sent,Fill whether father officer ahead person.
LOG00313,2025-03-03 07:55:57,CAMP050,sms_sent,Than answer to mean some upon will enjoy it.
LOG00314,2025-03-03 13:49:57,CAMP010,webinar_signup,Rise occur dinner spring plan morning commercial finally two.
LOG00315,2025-03-03 08:47:57,CAMP037,email_opened,Treat them southern smile young action.
LOG00316,2025-03-02 23:49:57,CAMP006,sms_sent,Carry finally pass factor three professor activity.
LOG00317,2025-03-03 10:37:57,CAMP021,webinar_signup,Court throw day including doctor.
LOG00318,2025-03-03 00:20:57,CAMP049,link_clicked,General worry actually though small month customer issue assume Mr.
LOG00319,2025-03-02 23:59:57,CAMP034,link_clicked,Teacher measure agree research crime.
LOG00320,2025-03-02 19:27:57,CAMP002,email_opened,Season something check media customer wear fly up attention across.
LOG00321,2025-03-03 16:40:57,CAMP045,link_clicked,Couple past size nor member.
LOG00322,2025-03-03 06:40:57,CAMP050,sms_sent,Pick woman defense age first by cover.
LOG00323,2025-03-03 11:40:57,CAMP012,link_clicked,Tend television himself month collection book culture or.
LOG00324,2025-03-03 03:00:57,CAMP015,sms_sent,Already trouble theory approach add seek important thank hear guess.
LOG00325,2025-03-03 06:38:57,CAMP022,email_opened,Sometimes need choice direction start feel sort.
LOG00326,2025-03-02 19:52:57,CAMP046,link_clicked,Little yet loss real dark.
LOG00327,2025-03-03 10:17:57,CAMP039,email_sent,Down by buy off teach life.
LOG00328,2025-03-03 14:12:57,CAMP008,sms_sent,Past on reality figure prevent social stock rise maybe.
LOG00329,2025-03-03 04:24:57,CAMP026,sms_sent,Represent change executive local seem impact against woman account during.
LOG00330,2025-03-03 17:21:57,CAMP034,email_sent,Both yes Republican minute grow ahead.
LOG00331,2025-03-03 01:30:57,CAMP024,email_sent,Natural mouth author agency thought continue bag debate few billion.
LOG00332,2025-03-02 23:41:57,CAMP028,email_sent,Certain rather red indicate at.
LOG00333,2025-03-03 01:47:57,CAMP021,webinar_signup,Clearly hope message weight move design radio song.
LOG00334,2025-03-03 02:12:57,CAMP019,webinar_signup,Decade property society accept property issue candidate.
LOG00335,2025-03-03 07:36:57,CAMP041,email_sent,Anyone pressure resource role owner politics.
LOG00336,2025-03-03 16:25:57,CAMP037,email_sent,Skin second born instead beautiful cover activity someone meet pull.
LOG00337,2025-03-02 23:56:57,CAMP050,email_sent,Hold night try improve hour.
LOG00338,2025-03-03 00:50:57,CAMP011,webinar_signup,Provide along story to face practice receive girl specific magazine.
LOG00339,2025-03-03 16:00:57,CAMP037,sms_sent,Beat director once whom personal dinner upon off cost reveal.
LOG00340,2025-03-02 22:10:57,CAMP042,email_opened,Thought such us watch light.
LOG00341,2025-03-03 16:30:57,CAMP050,sms_sent,Anyone again back after professor per attention investment one of.
LOG00342,2025-03-03 09:32:57,CAMP030,sms_sent,Car body hand describe drug easy major.
LOG00343,2025-03-03 13:48:57,CAMP042,link_clicked,Almost sit beautiful religious Congress theory.
LOG00344,2025-03-03 16:30:57,CAMP012,webinar_signup,Large senior share term admit energy major manager.
LOG00345,2025-03-03 07:24:57,CAMP030,webinar_signup,Allow evening go skin level interesting suggest paper best.
LOG00346,2025-03-02 19:21:57,CAMP048,sms_sent,Marriage apply director score card street one participant can wind crime.
LOG00347,2025-03-03 18:16:57,CAMP026,webinar_signup,Animal speech skill worker everyone open than result senior building.
LOG00348,2025-03-03 08:58:57,CAMP001,webinar_signup,Each them draw discussion newspaper blue.
LOG00349,2025-03-03 05:41:57,CAMP002,email_sent,Tend center technology avoid pretty example suddenly must person.
LOG00350,2025-03-03 11:18:57,CAMP021,sms_sent,Police finally stage base arrive foot wall.
LOG00351,2025-03-03 13:51:57,CAMP017,email_opened,Inside everything near trade prepare else time land agency rule.
LOG00352,2025-03-02 23:03:57,CAMP044,link_clicked,Manager structure manager culture spring.
LOG00353,2025-03-03 00:49:57,CAMP030,email_opened,Then gun choose same former city minute around information arm.
LOG00354,2025-03-02 23:23:57,CAMP023,webinar_signup,Base affect again father wide point fact yet.
LOG00355,2025-03-03 13:47:57,CAMP013,email_opened,Several stay near near when together but among house.
LOG00356,2025-03-03 11:57:57,CAMP020,email_opened,Glass each executive try positive.
LOG00357,2025-03-03 15:33:57,CAMP002,webinar_signup,Somebody degree southern raise fine decade him skin poor instead.
LOG00358,2025-03-02 22:27:57,CAMP003,email_opened,Under trouble size there personal number seat way.
LOG00359,2025-03-03 00:33:57,CAMP023,email_sent,Red senior into ask instead.
LOG00360,2025-03-03 07:49:57,CAMP021,email_opened,Many country old per commercial own hard most.
LOG00361,2025-03-02 20:32:57,CAMP014,email_opened,Reduce officer speak agent either wait.
LOG00362,2025-03-03 08:39:57,CAMP011,sms_sent,Range knowledge similar general true accept.
LOG00363,2025-03-03 09:44:57,CAMP015,email_opened,Writer organization may send not audience tonight.
LOG00364,2025-03-03 06:52:57,CAMP002,email_opened,Whether rule agent of mind unit child talk senior.
LOG00365,2025-03-03 03:59:57,CAMP008,sms_sent,Country off street forward better such could money best.
LOG00366,2025-03-03 18:07:57,CAMP029,email_opened,Economy throughout quickly possible bring hear firm.
LOG00367,2025-03-03 06:00:57,CAMP004,sms_sent,Out walk war take indicate from development shoulder sort peace.
LOG00368,2025-03-03 04:01:57,CAMP026,email_opened,While always this new rest chair stop economy physical financial.
LOG00369,2025-03-03 11:58:57,CAMP050,sms_sent,Statement day for tree most ball than challenge question save.
LOG00370,2025-03-02 22:51:57,CAMP008,email_sent,I those well responsibility health.
LOG00371,2025-03-03 13:01:57,CAMP033,webinar_signup,Practice stuff debate fast spring population occur.
LOG00372,2025-03-03 01:22:57,CAMP008,email_opened,Citizen occur cultural manager couple.
LOG00373,2025-03-03 11:50:57,CAMP008,sms_sent,Everybody teacher into here life development management oil.
LOG00374,2025-03-02 22:21:57,CAMP023,link_clicked,Customer director treatment general country cause year travel consider tonight.
LOG00375,2025-03-03 04:49:57,CAMP013,email_opened,Certain baby model successful lawyer administration federal finally.
LOG00376,2025-03-03 15:54:57,CAMP033,link_clicked,Talk memory keep out too ask three safe could firm.
LOG00377,2025-03-03 02:41:57,CAMP017,webinar_signup,What dark expert first crime share box.
LOG00378,2025-03-03 15:10:57,CAMP030,email_sent,People message think arrive analysis adult simple.
LOG00379,2025-03-03 18:45:57,CAMP025,sms_sent,Site right soon month soldier long now still inside.
LOG00380,2025-03-03 05:20:57,CAMP007,link_clicked,Day firm dog evidence stuff.
LOG00381,2025-03-03 06:41:57,CAMP020,email_sent,Return everyone cost city Mrs others.
LOG00382,2025-03-03 04:10:57,CAMP042,link_clicked,Red person prepare mother within.
LOG00383,2025-03-03 11:10:57,CAMP045,email_sent,Hundred drive hour spring international have.
LOG00384,2025-03-02 20:47:57,CAMP042,sms_sent,See language these Congress force.
LOG00385,2025-03-03 02:54:57,CAMP002,link_clicked,Show animal find model series.
LOG00386,2025-03-02 20:54:57,CAMP021,email_sent,Training cut visit support everyone be oil just dream.
LOG00387,2025-03-03 14:11:57,CAMP016,email_opened,Every up reason those vote law ground model.
LOG00388,2025-03-02 23:43:57,CAMP001,email_opened,Network feeling must rather compare exist trade particularly upon.
LOG00389,2025-03-03 01:17:57,CAMP010,email_opened,How need according watch owner hard line year people.
LOG00390,2025-03-02 19:16:57,CAMP031,email_sent,Perform option particular around thousand run back.
LOG00391,2025-03-03 16:54:57,CAMP039,email_opened,Certainly media create blue case system.
LOG00392,2025-03-02 20:26:57,CAMP019,link_clicked,Staff true part collection partner true accept whose.
LOG00393,2025-03-02 21:55:57,CAMP027,email_opened,While simply baby us age suffer both city difficult cold prepare.
LOG00394,2025-03-03 04:41:57,CAMP012,email_opened,Trouble should any attention company into.
LOG00395,2025-03-03 01:17:57,CAMP010,email_opened,Factor town dream very sport message now present west contain.
LOG00396,2025-03-03 06:32:57,CAMP008,email_opened,Measure view also speech evening among how.
LOG00397,2025-03-03 17:58:57,CAMP032,email_opened,Treat through play become term rather apply out simple plan.
LOG00398,2025-03-03 08:33:57,CAMP026,link_clicked,Prove southern they others make person reduce suffer body.
LOG00399,2025-03-03 09:56:57,CAMP040,link_clicked,Tend value on price indeed water.
LOG00400,2025-03-03 18:01:57,CAMP002,link_clicked,Marriage few cultural one usually spring far such near.
LOG00401,2025-03-03 18:01:57,CAMP031,email_sent,Themselves possible event paper draw paper everybody.
LOG00402,2025-03-03 14:04:57,CAMP027,email_sent,Quite Republican picture attack kid.
LOG00403,2025-03-03 00:35:57,CAMP025,webinar_signup,Treatment data imagine majority sense.
LOG00404,2025-03-03 01:04:57,CAMP011,email_opened,Someone play career prepare fund huge.
LOG00405,2025-03-03 15:34:57,CAMP001,link_clicked,Speak large deep few some bag.
LOG00406,2025-03-03 11:23:57,CAMP006,sms_sent,Trial follow mother recognize certain point attack sort sister.
LOG00407,2025-03-03 16:44:57,CAMP008,sms_sent,Plan not analysis source sister professor note discussion understand.
LOG00408,2025-03-03 03:08:57,CAMP027,webinar_signup,Prepare himself per view network bar film few.
LOG00409,2025-03-03 03:58:57,CAMP009,webinar_signup,Involve the modern sign focus federal thought it billion use.
LOG00410,2025-03-02 21:15:57,CAMP001,link_clicked,Sure game get dark month must particularly Democrat position everybody.
LOG00411,2025-03-03 02:44:57,CAMP031,link_clicked,Man example perform describe animal loss third performance also phone.
LOG00412,2025-03-03 14:37:57,CAMP021,webinar_signup,Him degree professional sell cut.
LOG00413,2025-03-03 06:31:57,CAMP040,email_sent,Building at size force city put soon.
LOG00414,2025-03-03 02:41:57,CAMP032,webinar_signup,Majority explain relate yes outside.
LOG00415,2025-03-03 12:18:57,CAMP009,email_opened,Mention up true responsibility couple.
LOG00416,2025-03-03 01:25:57,CAMP009,email_opened,Person sing beautiful establish everybody.
LOG00417,2025-03-03 11:18:57,CAMP043,email_sent,Group situation something model new blue.
LOG00418,2025-03-03 15:45:57,CAMP046,sms_sent,Condition ok clear feeling check still.
LOG00419,2025-03-03 09:21:57,CAMP040,email_sent,Cost economy speak three push maintain lay age.
LOG00420,2025-03-03 10:28:57,CAMP015,link_clicked,Leave dog social serious require suggest behavior benefit.
LOG00421,2025-03-03 12:41:57,CAMP047,link_clicked,After open paper general use choose situation fight score.
LOG00422,2025-03-03 07:46:57,CAMP046,sms_sent,Hard expect sound type candidate newspaper understand mean.
LOG00423,2025-03-02 20:11:57,CAMP038,webinar_signup,Issue head along reduce series cup forward.
LOG00424,2025-03-03 01:21:57,CAMP037,link_clicked,Body management debate since local reality.
LOG00425,2025-03-03 14:30:57,CAMP021,sms_sent,During do field father though weight.
LOG00426,2025-03-03 06:12:57,CAMP043,email_opened,Stop increase eat professional detail race type.
LOG00427,2025-03-02 23:13:57,CAMP048,email_sent,Film store hope service money ready poor candidate.
LOG00428,2025-03-03 05:51:57,CAMP041,email_sent,Write radio me answer.
LOG00429,2025-03-03 12:14:57,CAMP012,email_sent,Simple once opportunity since bit huge certain law.
LOG00430,2025-03-03 14:07:57,CAMP041,email_sent,Break behind artist media police data north tell.
LOG00431,2025-03-03 10:52:57,CAMP011,sms_sent,Charge whatever fish discuss catch nature father situation.
LOG00432,2025-03-03 07:59:57,CAMP001,webinar_signup,Toward rise shoulder kitchen without land hand special.
LOG00433,2025-03-03 02:35:57,CAMP031,link_clicked,Stand with ground money describe car century loss stop charge.
LOG00434,2025-03-03 12:35:57,CAMP041,webinar_signup,Spend decade group answer technology thus manage hand evidence generation.
LOG00435,2025-03-03 05:09:57,CAMP029,email_opened,Little record scientist feel too value.
LOG00436,2025-03-03 03:31:57,CAMP040,link_clicked,Else sport value father tonight change his address decide should along.
LOG00437,2025-03-03 00:22:57,CAMP029,email_sent,After save series experience citizen center hundred he college likely.
LOG00438,2025-03-03 09:27:57,CAMP042,webinar_signup,Light structure financial hold assume teacher employee.
LOG00439,2025-03-03 07:29:57,CAMP022,email_opened,Story deal amount everything field worry lose enter score catch.
LOG00440,2025-03-03 10:17:57,CAMP022,sms_sent,Citizen attention machine military team tough indeed.
LOG00441,2025-03-03 00:15:57,CAMP030,email_sent,Big standard when help everything front room suggest mouth.
LOG00442,2025-03-02 20:11:57,CAMP022,webinar_signup,Spring return produce under job stock bank.
LOG00443,2025-03-03 10:01:57,CAMP005,link_clicked,Capital drive role trip whole together maintain represent current race.
LOG00444,2025-03-03 04:26:57,CAMP042,email_sent,So discussion mention road specific question walk detail hour.
LOG00445,2025-03-03 00:27:57,CAMP009,email_sent,Become later you discover travel member.
LOG00446,2025-03-03 11:14:57,CAMP030,email_sent,Management data benefit attention to board article every.
LOG00447,2025-03-03 14:53:57,CAMP036,link_clicked,Police though today lot long.
LOG00448,2025-03-03 14:41:57,CAMP023,link_clicked,Society easy method shoulder item operation suggest many source.
LOG00449,2025-03-03 03:33:57,CAMP028,webinar_signup,Product interesting forward me level off mouth city best structure.
LOG00450,2025-03-03 16:10:57,CAMP033,email_opened,Window know draw understand we pretty itself or.
LOG00451,2025-03-03 05:25:57,CAMP033,email_opened,Enjoy pass statement cell energy significant worry quality argue.
LOG00452,2025-03-03 14:09:57,CAMP044,email_opened,Energy mean able employee under indeed business science.
LOG00453,2025-03-03 18:25:57,CAMP013,link_clicked,Imagine stay democratic participant call boy green focus.
LOG00454,2025-03-03 01:03:57,CAMP039,email_opened,Person condition will doctor whatever these teach.
LOG00455,2025-03-02 23:47:57,CAMP034,webinar_signup,Statement whose establish follow government through thought long travel.
LOG00456,2025-03-03 17:23:57,CAMP035,link_clicked,Reflect woman support risk wind hand.
LOG00457,2025-03-03 00:35:57,CAMP015,webinar_signup,Join recently process debate buy positive.
LOG00458,2025-03-03 13:18:57,CAMP024,email_opened,Name own think measure if break thus return.
LOG00459,2025-03-03 15:34:57,CAMP044,email_opened,Live future score Mrs knowledge how behavior apply free choose one.
LOG00460,2025-03-02 21:19:57,CAMP041,webinar_signup,Fear thousand daughter inside level maintain show house.
LOG00461,2025-03-03 11:16:57,CAMP049,email_opened,Run sport rock record hair choice.
LOG00462,2025-03-03 00:32:57,CAMP040,sms_sent,Leader down away production factor ready easy.
LOG00463,2025-03-03 12:05:57,CAMP018,email_sent,Executive blue clear need.
LOG00464,2025-03-03 05:19:57,CAMP019,sms_sent,Few ability side determine.
LOG00465,2025-03-03 01:11:57,CAMP027,sms_sent,Bag product act shoulder compare people college.
LOG00466,2025-03-03 03:01:57,CAMP021,email_opened,Region approach wear might management economic carry.
LOG00467,2025-03-03 08:45:57,CAMP001,email_sent,Win realize camera drive where sister green.
LOG00468,2025-03-03 10:25:57,CAMP046,webinar_signup,Many hand start civil order individual blue education.
LOG00469,2025-03-02 20:11:57,CAMP020,email_opened,Here how until data simple learn administration shoulder.
LOG00470,2025-03-02 22:04:57,CAMP039,email_sent,System example question find sit.
LOG00471,2025-03-03 16:58:57,CAMP049,sms_sent,Tax mean test life rule to month why.
LOG00472,2025-03-03 14:12:57,CAMP010,sms_sent,Most level ball year say money hotel.
LOG00473,2025-03-03 13:31:57,CAMP049,email_opened,Until few write away sea theory bring beat authority.
LOG00474,2025-03-03 05:38:57,CAMP011,sms_sent,Note development about tough resource thing medical.
LOG00475,2025-03-03 05:39:57,CAMP038,email_opened,Paper on fast can yeah charge section per lead.
LOG00476,2025-03-03 10:30:57,CAMP023,email_sent,Case item out often left sort probably body information.
LOG00477,2025-03-03 11:16:57,CAMP018,email_opened,Billion chance week figure social buy skill economic.
LOG00478,2025-03-03 05:17:57,CAMP008,webinar_signup,Rise like child executive brother even table bad time feel south.
LOG00479,2025-03-02 20:03:57,CAMP010,email_opened,Although listen citizen resource listen partner visit.
LOG00480,2025-03-03 03:51:57,CAMP010,link_clicked,Evening idea east great care suddenly you than.
LOG00481,2025-03-03 07:49:57,CAMP001,email_sent,Nature crime try wife not especially each participant.
LOG00482,2025-03-03 01:13:57,CAMP020,webinar_signup,Guess direction suddenly across business spend food.
LOG00483,2025-03-03 15:29:57,CAMP050,webinar_signup,Including brother study save present.
LOG00484,2025-03-03 02:55:57,CAMP015,sms_sent,Site indicate base you near.
LOG00485,2025-03-03 08:48:57,CAMP008,webinar_signup,Someone arrive east thing sell structure method include moment.
LOG00486,2025-03-02 22:10:57,CAMP030,email_opened,Again relationship system PM point partner generation.
LOG00487,2025-03-03 16:35:57,CAMP049,link_clicked,Dog leg market land difficult company economy teacher executive seat.
LOG00488,2025-03-03 09:42:57,CAMP003,sms_sent,Why spring question she both.
LOG00489,2025-03-03 10:16:57,CAMP008,sms_sent,Option mouth window bank family recognize may bill focus particular.
LOG00490,2025-03-03 04:27:57,CAMP038,email_opened,Tree knowledge side month actually party win range.
LOG00491,2025-03-02 19:23:57,CAMP032,link_clicked,Card however another political every large produce significant important.
LOG00492,2025-03-03 11:19:57,CAMP034,email_sent,Difficult history surface lot field scene prepare you scientist knowledge up.
LOG00493,2025-03-03 15:58:57,CAMP047,webinar_signup,Shoulder believe human thousand out hair.
LOG00494,2025-03-02 22:33:57,CAMP024,email_opened,Girl share system owner interview police manager source.
LOG00495,2025-03-02 20:18:57,CAMP032,sms_sent,None usually so staff another plan throw late sister.
LOG00496,2025-03-03 04:36:57,CAMP004,email_sent,Future central growth class future run.
LOG00497,2025-03-03 09:26:57,CAMP047,link_clicked,But without require certain however case another man performance drug.
LOG00498,2025-03-03 10:24:57,CAMP041,webinar_signup,Our point concern beyond teach again management himself Mrs.
LOG00499,2025-03-03 07:46:57,CAMP027,link_clicked,Single likely part writer allow recent discuss during there with.
LOG00500,2025-03-03 06:49:57,CAMP006,email_sent,Hotel quickly service develop throughout.
