{
  "brand": "YourBrand",
  "tone": "Friendly, professional, and concise",
  "logo_usage": "Use the official logo with 20px clear space",
  "color_palette": {
    "primary": "#1D4ED8",
    "secondary": "#F59E0B",
    "accent": "#10B981"
  },
  "legal_disclaimers": {
    "email": "You can unsubscribe at any time",
    "sms": "Standard messaging rates apply"
  },
  "forbidden_phrases": [
    "free trial",
    "unlimited access"
  ],
  "compliance_rules": {
    "CA": "Include California-specific disclaimer",
    "NY": "NY residents: special disclaimer"
  }
}