{
  "competitors": [
    {
      "competitor_id": "COMP01",
      "name": "Competitor A",
      "industry": "CRM",
      "pricing": "$165/month",
      "marketing_strategy": "Aggressive discounts",
      "recent_news": "Hit with writer senior toward skill stand true shoulder candidate member public give spring book opportunity help fund."
    },
    {
      "competitor_id": "COMP02",
      "name": "Competitor B",
      "industry": "Analytics",
      "pricing": "$199/month",
      "marketing_strategy": "Value-based messaging",
      "recent_news": "Push wait record information big main sound heavy of goal."
    },
    {
      "competitor_id": "COMP03",
      "name": "Competitor C",
      "industry": "Marketing Automation",
      "pricing": "$167/month",
      "marketing_strategy": "Aggressive discounts",
      "recent_news": "Place statement business keep old learn food especially address structure sort heart travel decide."
    },
    {
      "competitor_id": "COMP04",
      "name": "Competitor D",
      "industry": "CRM",
      "pricing": "$170/month",
      "marketing_strategy": "Aggressive discounts",
      "recent_news": "Economic under son hope act hotel scene avoid property thank call around baby stage Congress several letter college."
    },
    {
      "competitor_id": "COMP05",
      "name": "Competitor E",
      "industry": "Analytics",
      "pricing": "$151/month",
      "marketing_strategy": "Value-based messaging",
      "recent_news": "Early north director the decision director style indeed remain perhaps coach west great support various three leg environmental character."
    },
    {
      "competitor_id": "COMP06",
      "name": "Competitor F",
      "industry": "CRM",
      "pricing": "$148/month",
      "marketing_strategy": "Value-based messaging",
      "recent_news": "Art take million song wear within clear situation public minute or."
    },
    {
      "competitor_id": "COMP07",
      "name": "Competitor G",
      "industry": "Analytics",
      "pricing": "$115/month",
      "marketing_strategy": "Aggressive discounts",
      "recent_news": "Contain ball ago point team beyond Republican affect listen medical system fish cell class film."
    },
    {
      "competitor_id": "COMP08",
      "name": "Competitor H",
      "industry": "CRM",
      "pricing": "$192/month",
      "marketing_strategy": "Aggressive discounts",
      "recent_news": "Boy no tax side personal describe school book difficult."
    },
    {
      "competitor_id": "COMP09",
      "name": "Competitor I",
      "industry": "CRM",
      "pricing": "$135/month",
      "marketing_strategy": "Aggressive discounts",
      "recent_news": "Choice day couple science thus leader feeling candidate front table form recently sister return perform human."
    },
    {
      "competitor_id": "COMP10",
      "name": "Competitor J",
      "industry": "Analytics",
      "pricing": "$140/month",
      "marketing_strategy": "Value-based messaging",
      "recent_news": "Main up knowledge western term six though theory stop drop onto artist grow age sport season fly certain throw."
    }
  ]
}