customer_id,name,age,gender,state,segment,num_purchases,total_spent,last_purchase_date
CUST1000,Russell Davis,58,M,CA,Budget Buyers,7,938,2024-09-24
CUST1001,Melissa Hernandez,26,Non-binary,NY,Occasional Buyers,2,644,2024-05-09
CUST1002,Tina Smith,45,M,CA,Urban Millennials,6,834,2024-10-15
CUST1003,Anthony Lindsey,50,Non-binary,CA,Occasional Buyers,6,2316,2024-10-06
CUST1004,Anna Jones,59,Non-binary,GA,Frequent Spenders,7,1743,2024-04-30
CUST1005,Cindy Gill,55,F,CA,High-Value Customers,13,2522,2024-11-06
CUST1006,Tammy Keller,35,M,FL,Budget Buyers,3,201,2024-02-26
CUST1007,Samuel Kim,42,M,PA,Budget Buyers,19,2945,2024-11-08
CUST1008,John Middleton,69,M,MI,Occasional Buyers,3,1476,2024-01-03
CUST1009,Tracy Solis,42,M,GA,Budget Buyers,20,6720,2023-12-20
CUST1010,Jaime Sanchez,74,F,NC,High-Value Customers,2,86,2025-02-21
CUST1011,Brandon Brown,60,M,IL,Urban Millennials,7,3241,2023-10-18
CUST1012,Timothy Reed,24,F,IL,Frequent Spenders,20,8940,2024-08-08
CUST1013,Anthony Elliott,41,M,PA,Budget Buyers,6,2178,2024-06-24
CUST1014,Kenneth Williams,35,Non-binary,NY,Occasional Buyers,20,2140,2024-12-20
CUST1015,Terry Johns,52,Non-binary,FL,High-Value Customers,14,2996,2023-05-04
CUST1016,Jonathan Blake,35,Non-binary,GA,High-Value Customers,10,4510,2024-12-03
CUST1017,John Lee,67,M,FL,Urban Millennials,10,2250,2023-07-28
CUST1018,Kimberly Price,35,M,FL,Occasional Buyers,10,1280,2023-05-29
CUST1019,Kimberly Smith,59,F,OH,Frequent Spenders,4,620,2024-11-03
CUST1020,Louis Lewis,26,M,GA,Occasional Buyers,8,3216,2024-07-13
CUST1021,Meredith Rodriguez,55,F,NC,Frequent Spenders,11,1452,2023-03-23
CUST1022,Samantha Davis,26,Non-binary,MI,Urban Millennials,1,460,2023-11-18
CUST1023,Hayley Patel,25,M,TX,Frequent Spenders,19,988,2023-06-20
CUST1024,Spencer Hernandez,42,F,NC,Frequent Spenders,16,2368,2023-04-17
CUST1025,Matthew Jones,80,Non-binary,CA,Urban Millennials,17,6868,2024-05-29
CUST1026,Jordan Boyd,35,Non-binary,PA,Urban Millennials,9,2178,2024-06-13
CUST1027,Amanda Dunn,28,F,CA,Budget Buyers,16,6560,2024-12-04
CUST1028,Timothy Snow,29,Non-binary,NY,Budget Buyers,20,5580,2024-07-01
CUST1029,Kaitlyn Phillips,56,M,TX,Budget Buyers,5,1480,2023-04-22
CUST1030,Gary Skinner,79,Non-binary,CA,Occasional Buyers,10,2700,2024-03-28
CUST1031,Katherine Boyle,19,M,PA,Budget Buyers,7,343,2024-12-10
CUST1032,Jennifer Kennedy,33,Non-binary,NY,Urban Millennials,15,6555,2024-07-14
CUST1033,Ashley Martin,22,Non-binary,TX,High-Value Customers,15,4515,2024-10-03
CUST1034,Seth Wallace,28,F,GA,Occasional Buyers,13,1664,2023-06-08
CUST1035,Christy Dunlap,77,Non-binary,FL,Budget Buyers,12,4356,2024-04-03
CUST1036,Rebecca Watson,59,F,MI,Occasional Buyers,14,1134,2024-09-21
CUST1037,Erica Warren,33,M,NY,Budget Buyers,0,0,2024-04-12
CUST1038,Cassandra Jenkins,53,M,NC,High-Value Customers,0,0,2023-10-28
CUST1039,Rachel Montes,63,Non-binary,CA,High-Value Customers,2,966,2023-11-09
CUST1040,Stephanie Gordon,20,F,NY,Occasional Buyers,7,1134,2024-12-12
CUST1041,Joseph Johnson,60,F,FL,Occasional Buyers,4,1560,2024-05-15
CUST1042,Stephanie Hayes,77,Non-binary,NC,Frequent Spenders,7,2947,2023-10-15
CUST1043,Francisco Rivera,48,F,FL,Urban Millennials,3,1071,2024-07-13
CUST1044,Elizabeth Kemp,45,F,OH,Frequent Spenders,14,6468,2023-05-04
CUST1045,William Cooper,64,M,NY,Urban Millennials,12,4704,2025-01-16
CUST1046,Melanie Hernandez,39,M,FL,High-Value Customers,6,1764,2023-12-12
CUST1047,Matthew Sanford,46,M,OH,High-Value Customers,8,2048,2024-01-15
CUST1048,Stephanie Mcdonald,33,M,MI,Occasional Buyers,3,135,2024-07-26
CUST1049,Kevin Walker,59,Non-binary,CA,Urban Millennials,7,735,2023-05-17
CUST1050,David Lowery,44,F,MI,High-Value Customers,12,5784,2025-01-27
CUST1051,Joseph Adams,21,M,OH,Urban Millennials,12,1860,2024-07-08
CUST1052,Sandra Hamilton,77,F,IL,Frequent Spenders,17,6086,2023-03-30
CUST1053,James Steele,63,F,TX,High-Value Customers,9,1179,2024-04-08
CUST1054,Alyssa Johnson,79,M,NC,Occasional Buyers,1,402,2023-10-13
CUST1055,Jonathan Brown,38,M,CA,Occasional Buyers,15,4155,2025-02-19
CUST1056,Patricia Bauer,76,Non-binary,TX,Urban Millennials,16,976,2023-12-30
CUST1057,Marie Smith,72,M,NY,Occasional Buyers,2,730,2023-04-14
CUST1058,David Meadows,73,M,OH,Urban Millennials,18,2628,2025-02-01
CUST1059,James Roman,55,Non-binary,CA,Occasional Buyers,2,468,2024-05-10
CUST1060,Ricky Taylor,60,Non-binary,NC,Occasional Buyers,10,4980,2024-05-19
CUST1061,Blake Kim,34,M,PA,High-Value Customers,8,1776,2024-10-10
CUST1062,Stephanie Henry,26,Non-binary,IL,Frequent Spenders,10,4950,2023-04-14
CUST1063,Robert Turner,66,M,CA,Frequent Spenders,19,5852,2023-11-13
CUST1064,Mr. John Lee,24,M,GA,High-Value Customers,16,2480,2024-07-21
CUST1065,Jerry Cox,26,F,NY,High-Value Customers,11,1815,2023-12-27
CUST1066,Kellie Hall,28,F,GA,Budget Buyers,19,8227,2025-02-14
CUST1067,Robert Brown,59,Non-binary,CA,Occasional Buyers,9,4473,2025-02-22
CUST1068,Lindsay Brown,60,M,TX,Budget Buyers,3,1425,2024-05-30
CUST1069,Kristy Rodriguez,24,Non-binary,GA,High-Value Customers,8,1312,2024-12-17
CUST1070,Casey Moran,56,M,PA,High-Value Customers,20,9120,2023-09-17
CUST1071,Nicole Zamora,34,Non-binary,MI,Budget Buyers,1,67,2023-09-29
CUST1072,Scott Cook,58,F,IL,Urban Millennials,0,0,2023-04-26
CUST1073,Sarah Davis,67,M,IL,High-Value Customers,14,4228,2024-09-26
CUST1074,Collin Parks,63,F,GA,Urban Millennials,3,174,2023-03-11
CUST1075,Jimmy Patel,78,Non-binary,TX,Occasional Buyers,1,447,2024-11-26
CUST1076,Brenda Edwards,41,Non-binary,GA,High-Value Customers,13,1105,2024-02-21
CUST1077,Tamara Garza,20,F,PA,Urban Millennials,11,1397,2025-02-17
CUST1078,Karen Lee,61,M,NY,Budget Buyers,17,8024,2024-12-19
CUST1079,Terry Reese,73,F,NC,High-Value Customers,7,3234,2023-11-25
CUST1080,Christian Rich,28,M,OH,Urban Millennials,5,1985,2024-03-17
CUST1081,Kristie Galvan,77,F,OH,High-Value Customers,8,808,2023-11-10
CUST1082,Ashley Herman,68,Non-binary,NY,Frequent Spenders,1,459,2024-04-30
CUST1083,Christopher Perry,48,M,FL,Frequent Spenders,11,1936,2023-11-23
CUST1084,Ms. Maria Vang,70,M,FL,Urban Millennials,6,1344,2025-02-15
CUST1085,Shelby Dodson,39,F,NY,Budget Buyers,11,3828,2024-10-04
CUST1086,Cody Cline,50,F,GA,Budget Buyers,0,0,2024-11-12
CUST1087,Mrs. Marissa Harris MD,74,F,TX,Occasional Buyers,8,312,2024-10-22
CUST1088,Aaron Bauer,24,Non-binary,OH,Budget Buyers,10,2430,2023-04-28
CUST1089,Nancy Reed,56,Non-binary,NY,Frequent Spenders,18,2106,2024-01-05
CUST1090,Andrew Jarvis,34,M,OH,Urban Millennials,16,7888,2024-10-09
CUST1091,Steven Charles,69,Non-binary,FL,Budget Buyers,13,715,2023-08-21
CUST1092,Gina Barnes,78,Non-binary,PA,Occasional Buyers,10,3590,2024-04-23
CUST1093,Brandon Hernandez,72,M,IL,Occasional Buyers,9,3249,2024-06-08
CUST1094,Jason Cook,44,F,OH,Budget Buyers,17,1445,2024-06-10
CUST1095,Adriana Russell,30,F,OH,High-Value Customers,19,5909,2023-11-01
CUST1096,Vernon Sexton,37,F,GA,Urban Millennials,9,1494,2024-10-26
CUST1097,Debbie Rhodes,31,F,NC,Occasional Buyers,20,3680,2023-12-18
CUST1098,Travis Green,47,F,MI,High-Value Customers,16,4192,2024-09-20
CUST1099,Monica Mcgee,68,Non-binary,TX,Urban Millennials,9,2547,2023-03-18
CUST1100,Brian Patterson,60,Non-binary,NC,Budget Buyers,2,878,2024-08-06
CUST1101,Andrew Norris,78,M,IL,High-Value Customers,6,570,2024-04-25
CUST1102,Mary White,19,M,FL,Frequent Spenders,19,8645,2024-03-28
CUST1103,Stacey Ramirez,67,M,MI,Frequent Spenders,20,6280,2023-04-09
CUST1104,Amanda Simmons,30,Non-binary,OH,Frequent Spenders,12,1728,2025-01-17
CUST1105,Katie Ross,27,Non-binary,CA,Urban Millennials,13,1716,2023-06-26
CUST1106,Jason Henderson,29,Non-binary,GA,Frequent Spenders,1,305,2023-07-30
CUST1107,Samuel Bryant,33,M,MI,High-Value Customers,14,5054,2025-02-01
CUST1108,Daniel Watkins,51,Non-binary,NC,Budget Buyers,14,4662,2025-01-15
CUST1109,Denise Sanchez MD,70,Non-binary,GA,Frequent Spenders,17,4216,2024-12-21
CUST1110,Julie Gonzalez,75,M,MI,Frequent Spenders,8,3232,2023-05-08
CUST1111,Sherry Miller,33,Non-binary,IL,Occasional Buyers,15,5100,2023-03-17
CUST1112,Kayla Rich,33,F,MI,Urban Millennials,9,1260,2023-09-25
CUST1113,Alexander Cross,35,F,PA,Occasional Buyers,2,180,2024-04-14
CUST1114,Gordon Anderson,27,M,OH,High-Value Customers,6,312,2023-03-09
CUST1115,Frank Schultz,44,F,PA,Occasional Buyers,14,3248,2024-11-27
CUST1116,Robert Allen,21,M,OH,Frequent Spenders,18,6768,2023-03-18
CUST1117,Amanda Fernandez,19,Non-binary,OH,Frequent Spenders,0,0,2024-07-04
CUST1118,Theresa Rodriguez,37,F,OH,Occasional Buyers,17,7293,2024-06-24
CUST1119,Robert Khan,56,M,MI,High-Value Customers,8,1944,2024-11-01
CUST1120,Kimberly Love,49,M,OH,Budget Buyers,12,4680,2024-04-03
CUST1121,Matthew Heath,28,F,TX,Occasional Buyers,17,561,2023-04-08
CUST1122,Lori Ramirez,76,F,NC,Occasional Buyers,0,0,2025-02-05
CUST1123,Natasha Boyd,59,F,TX,Frequent Spenders,5,225,2023-11-19
CUST1124,Brooke Torres,34,F,PA,High-Value Customers,14,2618,2024-03-17
CUST1125,David Richards,39,F,IL,Frequent Spenders,8,3576,2025-02-22
CUST1126,Susan Montgomery,23,F,CA,Occasional Buyers,1,199,2023-09-24
CUST1127,Katie Williams,32,Non-binary,NY,Urban Millennials,0,0,2024-11-04
CUST1128,Kristen Young,30,M,NC,High-Value Customers,7,588,2025-02-23
CUST1129,Kayla Evans,48,Non-binary,NY,Occasional Buyers,6,1548,2024-05-18
CUST1130,Patrick Collins,62,F,PA,High-Value Customers,19,6270,2023-11-17
CUST1131,Jeffrey Davis,79,Non-binary,NY,High-Value Customers,9,675,2023-04-07
CUST1132,Jessica Schmidt,55,M,IL,Occasional Buyers,12,2676,2023-06-02
CUST1133,Claudia Glenn,78,Non-binary,FL,Urban Millennials,18,6714,2024-12-15
CUST1134,Julia Shannon,71,Non-binary,FL,Urban Millennials,9,4095,2024-06-06
CUST1135,Carrie Taylor,61,Non-binary,NY,Occasional Buyers,1,197,2024-04-07
CUST1136,Sara Cruz,52,F,PA,Urban Millennials,16,5616,2023-05-31
CUST1137,Jill Salas,39,M,OH,Frequent Spenders,3,723,2023-09-14
CUST1138,Edward Duarte PhD,79,F,MI,High-Value Customers,13,1430,2024-04-30
CUST1139,Elizabeth Compton,64,Non-binary,IL,Occasional Buyers,17,7072,2025-01-19
CUST1140,Linda Parker,48,F,OH,Occasional Buyers,8,1480,2024-10-20
CUST1141,Dr. Jason Jimenez,72,M,NY,Budget Buyers,14,2016,2025-02-13
CUST1142,Laura Powell,66,F,NC,Occasional Buyers,12,2304,2024-09-24
CUST1143,Carlos Norman,19,F,PA,High-Value Customers,15,1920,2023-05-21
CUST1144,Kevin Copeland,40,F,PA,Budget Buyers,19,7201,2024-01-13
CUST1145,Jenna Olson,74,F,GA,Urban Millennials,16,1872,2024-05-02
CUST1146,Cassidy Chan,23,M,OH,Frequent Spenders,17,6936,2023-11-05
CUST1147,Teresa Watson,33,Non-binary,MI,Frequent Spenders,14,5950,2024-04-24
CUST1148,Robert Stark,19,M,IL,High-Value Customers,12,4488,2024-12-28
CUST1149,Julie Adams,33,F,NC,Budget Buyers,15,4545,2023-08-03
CUST1150,Jennifer Payne,51,F,OH,Occasional Buyers,10,2000,2024-12-22
CUST1151,Mr. Christian Hall,62,F,IL,Budget Buyers,8,1104,2023-07-12
CUST1152,Brenda Cortez,25,Non-binary,FL,Budget Buyers,3,1200,2024-08-30
CUST1153,Michael Khan,52,Non-binary,TX,High-Value Customers,6,2388,2024-03-23
CUST1154,Mike Norris,48,F,NC,Occasional Buyers,19,3116,2024-08-23
CUST1155,Judith Diaz,80,M,FL,Budget Buyers,7,1428,2024-09-10
CUST1156,Courtney Brown,29,F,CA,Occasional Buyers,4,640,2023-07-31
CUST1157,Craig Hicks,20,M,GA,Budget Buyers,4,1384,2024-05-12
CUST1158,Tiffany Clark,73,F,NY,Urban Millennials,18,2970,2024-07-09
CUST1159,James Sanchez,48,F,MI,Budget Buyers,5,230,2024-05-14
CUST1160,Catherine Henry,34,F,NY,Urban Millennials,12,3252,2023-12-24
CUST1161,Megan Cruz,22,Non-binary,CA,High-Value Customers,4,1740,2024-03-12
CUST1162,Scott Matthews,54,F,NY,High-Value Customers,3,915,2024-10-02
CUST1163,Ashley Wright,66,F,NC,Occasional Buyers,19,2565,2024-05-30
CUST1164,Zachary Estrada,67,Non-binary,OH,Frequent Spenders,14,2408,2023-08-20
CUST1165,Chad Jackson,73,Non-binary,OH,Budget Buyers,18,6066,2023-12-04
CUST1166,David Burke,21,Non-binary,NY,High-Value Customers,20,2560,2023-04-05
CUST1167,James Hood,34,Non-binary,NY,High-Value Customers,7,756,2024-03-30
CUST1168,William Reed,53,M,TX,Urban Millennials,13,3250,2024-09-07
CUST1169,Paul Glass,62,Non-binary,MI,Budget Buyers,1,138,2024-07-07
CUST1170,Douglas Harrison,36,Non-binary,IL,Frequent Spenders,2,742,2024-03-28
CUST1171,Maria Johnson,32,F,NC,High-Value Customers,13,1014,2024-12-29
CUST1172,Joe King,52,M,TX,Budget Buyers,4,224,2023-04-14
CUST1173,Vincent Allen,21,M,IL,Occasional Buyers,18,8838,2023-11-17
CUST1174,Jean Estrada,36,F,NY,Frequent Spenders,9,3402,2024-02-22
CUST1175,Ashley Conner,43,F,GA,Occasional Buyers,15,3660,2025-01-22
CUST1176,Joshua White,23,Non-binary,CA,Frequent Spenders,10,3290,2025-02-04
CUST1177,Timothy Wilson,34,M,NY,High-Value Customers,18,5760,2023-08-24
CUST1178,Darius Thompson,78,M,IL,Occasional Buyers,1,410,2023-08-17
CUST1179,Rebecca Ray,66,M,MI,Occasional Buyers,20,4920,2024-01-14
CUST1180,Albert Klein,76,F,TX,Occasional Buyers,13,4485,2024-12-05
CUST1181,Janet Gilbert,70,F,NY,Frequent Spenders,11,2519,2024-04-01
CUST1182,Tina Trevino,39,F,NY,High-Value Customers,10,2300,2023-08-17
CUST1183,Laurie Frye,62,F,IL,Frequent Spenders,17,646,2024-03-04
CUST1184,Tiffany Martin,47,M,PA,Budget Buyers,10,790,2023-03-11
CUST1185,Bailey Williams,80,F,GA,Urban Millennials,17,4352,2023-07-06
CUST1186,Tammy Joseph,44,M,FL,Occasional Buyers,11,3718,2024-02-13
CUST1187,Ethan Anderson,66,F,MI,Urban Millennials,6,936,2023-03-28
CUST1188,Kimberly Garcia,53,M,IL,Frequent Spenders,15,1230,2023-08-29
CUST1189,Rebecca Hickman,19,Non-binary,NC,High-Value Customers,5,895,2024-02-21
CUST1190,Abigail Moore,53,M,GA,Frequent Spenders,2,270,2023-06-08
CUST1191,Cynthia Mathews,71,M,MI,Urban Millennials,20,8920,2023-04-16
CUST1192,Michael Johnson,27,F,IL,Occasional Buyers,8,1856,2024-07-08
CUST1193,Dana Garner,71,F,MI,High-Value Customers,14,4228,2023-11-21
CUST1194,Mark George,27,F,FL,Occasional Buyers,16,6432,2024-06-14
CUST1195,Tanya Gonzalez,74,M,NY,Budget Buyers,13,2522,2023-10-28
CUST1196,Jessica Wilson,77,Non-binary,IL,Urban Millennials,9,3519,2024-02-11
CUST1197,Olivia Obrien,37,Non-binary,NC,Frequent Spenders,4,992,2025-01-08
CUST1198,Carolyn Juarez,52,F,PA,Budget Buyers,17,6970,2023-09-07
CUST1199,Joseph Martin,52,F,MI,Budget Buyers,6,2262,2023-03-30
CUST1200,Michael Howard,33,Non-binary,OH,High-Value Customers,13,546,2023-10-02
CUST1201,Samantha Miles,38,Non-binary,MI,Frequent Spenders,12,4308,2024-07-09
CUST1202,Holly Davila,68,Non-binary,TX,Frequent Spenders,1,84,2024-10-11
CUST1203,Matthew Bowman,50,Non-binary,PA,Urban Millennials,14,994,2024-07-10
CUST1204,Christopher Green,51,F,CA,High-Value Customers,13,6045,2024-03-12
CUST1205,Jacob Garcia,59,M,NY,Frequent Spenders,8,1544,2024-07-18
CUST1206,Brittany Ross,57,Non-binary,OH,Urban Millennials,10,4560,2023-10-20
CUST1207,John Gonzales,61,Non-binary,OH,Budget Buyers,20,7740,2023-04-14
CUST1208,Miss Elizabeth Simon,74,F,GA,Urban Millennials,19,1045,2024-08-16
CUST1209,Janet Vargas,33,Non-binary,IL,High-Value Customers,2,484,2023-12-03
CUST1210,Angela Hodges,80,M,NY,Frequent Spenders,5,1875,2023-07-24
CUST1211,Dawn Barr,37,M,CA,Budget Buyers,1,170,2023-10-20
CUST1212,Adam Moody,40,F,OH,High-Value Customers,7,2037,2024-11-08
CUST1213,Mrs. Christina Mitchell,44,Non-binary,TX,High-Value Customers,5,300,2024-10-02
CUST1214,Janice Green,57,F,NC,High-Value Customers,15,7305,2025-02-01
CUST1215,Patricia Sparks,55,M,FL,Frequent Spenders,20,3000,2024-12-23
CUST1216,Kristine James,47,F,CA,Frequent Spenders,9,3294,2024-07-16
CUST1217,Maria Little,52,M,NY,Frequent Spenders,11,3520,2023-10-01
CUST1218,Charles Fry,37,Non-binary,OH,Budget Buyers,14,6328,2024-09-23
CUST1219,Brittany Barnett,37,M,OH,Frequent Spenders,3,423,2023-06-13
CUST1220,Craig Munoz,42,Non-binary,PA,Occasional Buyers,9,3402,2023-03-30
CUST1221,Virginia Hammond,36,M,OH,Budget Buyers,0,0,2024-04-03
CUST1222,Jasmine Miller,73,Non-binary,CA,Occasional Buyers,15,6690,2024-06-29
CUST1223,John Brady,75,F,FL,Occasional Buyers,11,1452,2023-12-05
CUST1224,Kathleen Weaver,58,M,NC,Budget Buyers,4,1364,2023-03-11
CUST1225,Amanda Anderson,24,Non-binary,CA,Budget Buyers,14,518,2024-06-22
CUST1226,Sarah Larson,55,F,TX,Urban Millennials,9,1683,2024-05-07
CUST1227,Paul Valencia,65,F,TX,High-Value Customers,4,1688,2025-02-12
CUST1228,Denise Owen,52,F,GA,Occasional Buyers,8,3560,2023-08-07
CUST1229,Christopher Matthews,28,F,MI,Budget Buyers,10,4310,2023-06-05
CUST1230,Jeffery Hall,25,F,NY,High-Value Customers,7,3220,2024-05-02
CUST1231,Patricia Pratt,61,Non-binary,OH,Occasional Buyers,11,726,2024-05-31
CUST1232,Juan Sims,68,F,CA,Budget Buyers,17,1411,2023-08-20
CUST1233,Scott West,47,F,IL,Occasional Buyers,12,5292,2023-08-06
CUST1234,Donna Hardy,58,F,NY,High-Value Customers,15,480,2024-06-25
CUST1235,Emily Garrett,57,Non-binary,PA,Occasional Buyers,7,2457,2024-04-02
CUST1236,Randy Clark,22,Non-binary,MI,Budget Buyers,20,4580,2025-02-23
CUST1237,Katie Huff,25,M,CA,Urban Millennials,9,2448,2024-03-11
CUST1238,Gregory Morgan,25,M,FL,Occasional Buyers,4,872,2024-09-01
CUST1239,Susan Gonzalez,47,F,GA,Frequent Spenders,18,7200,2023-09-07
CUST1240,Ashley Park,64,M,OH,Urban Millennials,15,5025,2025-01-06
CUST1241,Teresa Vargas,44,F,CA,Budget Buyers,6,1482,2024-02-07
CUST1242,Benjamin Nash,46,M,PA,Urban Millennials,11,3278,2025-01-28
CUST1243,Zachary Taylor,75,Non-binary,PA,Urban Millennials,12,1932,2023-08-25
CUST1244,Lauren Colon,30,M,MI,Urban Millennials,6,2088,2024-02-02
CUST1245,Heather Crawford,58,Non-binary,CA,Urban Millennials,10,1440,2024-04-30
CUST1246,Stacey Duran,26,Non-binary,FL,Urban Millennials,17,2142,2023-11-07
CUST1247,Cheryl Hull,55,M,FL,Budget Buyers,4,1692,2024-06-26
CUST1248,Justin Farmer,75,Non-binary,CA,Budget Buyers,4,344,2023-09-28
CUST1249,Crystal Zhang,52,F,TX,Urban Millennials,0,0,2024-09-24
CUST1250,Cynthia Moore,18,F,FL,Occasional Buyers,10,280,2025-02-23
CUST1251,Jenna Sims MD,29,F,CA,High-Value Customers,13,3757,2024-08-16
CUST1252,Patricia Anderson,25,Non-binary,NY,Frequent Spenders,14,5852,2023-11-14
CUST1253,Michael Rodriguez,41,Non-binary,NC,Urban Millennials,14,3878,2024-09-08
CUST1254,Paul Harrell,32,Non-binary,CA,Occasional Buyers,9,2286,2023-08-25
CUST1255,Jonathan Baldwin,59,M,CA,Frequent Spenders,12,2856,2023-06-02
CUST1256,Justin Perez,61,M,MI,Frequent Spenders,2,960,2024-06-03
CUST1257,Abigail Fry,23,F,NC,High-Value Customers,2,168,2023-03-19
CUST1258,Stefanie Nguyen,35,Non-binary,NC,Occasional Buyers,10,2150,2025-02-25
CUST1259,Alyssa Craig,56,Non-binary,IL,Frequent Spenders,16,5264,2023-09-27
CUST1260,Patricia Patterson,45,M,NY,Occasional Buyers,6,1440,2025-01-24
CUST1261,Rebecca Martinez,46,M,OH,Budget Buyers,14,3136,2024-08-15
CUST1262,Rebecca Gillespie,44,Non-binary,NY,Budget Buyers,13,2340,2024-12-05
CUST1263,Shelley Miller,60,F,PA,High-Value Customers,15,810,2024-03-20
CUST1264,Gregory Martinez,23,M,NY,Frequent Spenders,3,1203,2024-07-07
CUST1265,Daniel Hughes,65,F,TX,Occasional Buyers,1,320,2024-07-22
CUST1266,Phillip Brewer,79,Non-binary,GA,Budget Buyers,3,690,2023-05-18
CUST1267,Shannon Carney,40,Non-binary,OH,Urban Millennials,9,2943,2024-09-25
CUST1268,Austin Bennett,37,F,NY,Occasional Buyers,16,2048,2023-09-30
CUST1269,Pamela Ramirez,27,Non-binary,MI,High-Value Customers,3,597,2023-08-13
CUST1270,Michael Scott,72,Non-binary,PA,Urban Millennials,8,2504,2024-01-22
CUST1271,Daniel Rose,32,F,GA,Occasional Buyers,19,6935,2023-05-12
CUST1272,Ashley Hawkins,59,Non-binary,CA,Occasional Buyers,8,272,2023-03-15
CUST1273,Paul Webb,29,F,IL,Budget Buyers,11,253,2024-08-09
CUST1274,Joshua Shaw,29,M,NC,Frequent Spenders,2,184,2024-02-19
CUST1275,Darren Ross,65,Non-binary,CA,Urban Millennials,16,2080,2023-05-06
CUST1276,Joshua James,42,F,MI,Budget Buyers,5,1045,2023-12-01
CUST1277,Larry Andrews,37,Non-binary,PA,Occasional Buyers,19,1197,2023-11-21
CUST1278,Derrick Martin,74,M,TX,High-Value Customers,19,855,2024-01-12
CUST1279,Kevin Solis,61,M,IL,Frequent Spenders,13,3484,2024-06-29
CUST1280,Brandy Franklin,56,F,OH,Budget Buyers,6,2436,2024-05-09
CUST1281,Andrew King,50,M,PA,Frequent Spenders,3,495,2024-11-18
CUST1282,Jason Warren,61,Non-binary,NC,Frequent Spenders,16,5776,2024-12-29
CUST1283,Ryan Harris III,37,M,FL,Frequent Spenders,19,912,2024-06-01
CUST1284,Mary Haynes,18,M,IL,High-Value Customers,4,1644,2024-08-21
CUST1285,Edward Stone,34,F,PA,Urban Millennials,0,0,2024-03-22
CUST1286,Grant Coleman,65,F,TX,High-Value Customers,12,3504,2024-05-02
CUST1287,Tiffany Myers,63,M,GA,Occasional Buyers,11,616,2024-12-30
CUST1288,Tina Gomez,43,Non-binary,CA,Frequent Spenders,0,0,2024-01-02
CUST1289,Diane Edwards,76,M,PA,Occasional Buyers,13,4069,2023-05-06
CUST1290,Omar Smith,43,Non-binary,OH,Budget Buyers,3,681,2023-08-20
CUST1291,Linda Fisher,19,F,TX,Occasional Buyers,14,6230,2023-11-12
CUST1292,Jasmine Aguilar,62,F,NY,Frequent Spenders,3,432,2023-11-08
CUST1293,Daniel Clark,45,Non-binary,OH,Occasional Buyers,2,444,2024-03-09
CUST1294,Amanda Larson,73,F,PA,High-Value Customers,10,4180,2025-03-02
CUST1295,Kristine Mccoy,28,M,GA,Urban Millennials,16,4496,2024-03-18
CUST1296,Robert Hernandez,30,F,PA,High-Value Customers,7,504,2023-03-17
CUST1297,Jeffrey Poole,27,F,FL,High-Value Customers,19,1862,2023-05-01
CUST1298,Gregory Rodriguez,66,Non-binary,NY,High-Value Customers,20,5440,2023-08-27
CUST1299,Ryan Crane,47,Non-binary,NC,Frequent Spenders,18,6282,2025-01-27
CUST1300,Megan Johnson MD,58,Non-binary,PA,Budget Buyers,4,980,2024-12-22
CUST1301,Daniel Jordan,22,F,MI,Budget Buyers,8,2576,2025-01-03
CUST1302,Timothy Long,21,F,GA,Urban Millennials,9,2304,2023-08-31
CUST1303,Lauren Moore,46,M,CA,Budget Buyers,9,531,2024-03-16
CUST1304,Kayla Austin,59,M,NC,Occasional Buyers,16,3456,2023-12-15
CUST1305,Julie Reyes,47,Non-binary,GA,Urban Millennials,14,6790,2024-02-18
CUST1306,Alicia Kent,69,Non-binary,FL,Budget Buyers,19,4997,2024-10-17
CUST1307,Roger Flores,50,M,CA,Frequent Spenders,3,1305,2023-04-05
CUST1308,Nancy Jackson,75,F,NY,Occasional Buyers,20,2160,2025-02-27
CUST1309,Margaret Robinson,20,M,MI,Frequent Spenders,16,4592,2024-12-13
CUST1310,Dr. Victor White,57,M,PA,Budget Buyers,9,1962,2024-05-23
CUST1311,Brittany Gutierrez,44,F,NC,Urban Millennials,20,7020,2024-01-14
CUST1312,Jacob Wiggins Jr.,39,M,PA,Urban Millennials,17,6239,2023-10-13
CUST1313,Ryan Collins,42,F,IL,Occasional Buyers,4,760,2023-05-30
CUST1314,Nicole Jones,23,Non-binary,TX,Budget Buyers,9,3195,2023-10-23
CUST1315,Christina Walker,62,Non-binary,OH,High-Value Customers,19,7258,2023-03-03
CUST1316,Randy Mcgrath,78,M,IL,Occasional Buyers,12,4188,2024-09-25
CUST1317,David Stephens,68,F,TX,Occasional Buyers,2,700,2024-10-08
CUST1318,Dr. Heather Gonzalez,60,F,GA,Budget Buyers,0,0,2024-11-28
CUST1319,Samuel Morris,37,M,FL,Budget Buyers,15,1770,2023-04-24
CUST1320,Mr. Cody Figueroa MD,32,M,TX,Urban Millennials,9,4068,2024-12-31
CUST1321,Tina Reed,68,M,GA,Occasional Buyers,16,624,2023-10-30
CUST1322,Elizabeth Dunn,60,F,NC,High-Value Customers,19,4028,2024-08-30
CUST1323,Patricia Mcguire,27,M,TX,Occasional Buyers,5,1945,2024-02-01
CUST1324,Jessica Lopez,46,M,OH,Budget Buyers,7,1729,2024-12-15
CUST1325,Billy Leonard MD,57,F,MI,High-Value Customers,17,2414,2025-02-18
CUST1326,William Foster,37,F,FL,Budget Buyers,18,4410,2023-06-25
CUST1327,Tracy Roberts,47,F,OH,Occasional Buyers,16,3744,2023-07-06
CUST1328,David Anderson,79,M,FL,Occasional Buyers,4,1864,2023-12-10
CUST1329,Molly Rice,34,M,MI,Budget Buyers,17,8466,2025-01-10
CUST1330,Ashley Young,24,Non-binary,GA,Urban Millennials,9,558,2023-03-03
CUST1331,Donna Hill,66,M,IL,Frequent Spenders,16,1520,2023-07-19
CUST1332,Daniel Gallegos,71,F,NY,High-Value Customers,14,6608,2023-12-27
CUST1333,Richard Powers,40,M,OH,Urban Millennials,12,3324,2024-10-06
CUST1334,Ms. Sheri Lawrence,41,M,OH,Urban Millennials,11,1474,2024-08-15
CUST1335,Robert Dean,19,F,NY,Budget Buyers,4,360,2024-05-24
CUST1336,Michael Velasquez,20,F,MI,High-Value Customers,15,3735,2024-06-08
CUST1337,Alexander Doyle,57,M,NY,Urban Millennials,8,1040,2024-03-10
CUST1338,Jesse Brown DDS,71,M,GA,Occasional Buyers,16,3776,2024-05-19
CUST1339,Leonard Gillespie,25,F,FL,Budget Buyers,3,132,2023-04-01
CUST1340,Deanna Taylor,33,F,NC,Frequent Spenders,2,152,2024-06-27
CUST1341,Adrian Smith,71,F,NC,Occasional Buyers,0,0,2023-09-20
CUST1342,Jennifer Miller,50,Non-binary,FL,High-Value Customers,9,2151,2023-08-11
CUST1343,Kathy Wright,18,Non-binary,PA,High-Value Customers,18,4194,2024-06-26
CUST1344,Danielle Henderson,29,Non-binary,NY,Occasional Buyers,11,594,2024-01-16
CUST1345,Trevor Wright,79,Non-binary,GA,Occasional Buyers,16,4848,2024-03-10
CUST1346,Monica Taylor,19,F,MI,Urban Millennials,20,4360,2023-05-08
CUST1347,Robert Fleming,80,F,IL,Urban Millennials,11,4653,2024-09-26
CUST1348,Teresa Dominguez,22,F,FL,Urban Millennials,18,7128,2024-03-22
CUST1349,David Smith,66,F,TX,Urban Millennials,11,3289,2023-03-25
CUST1350,Corey Payne,39,Non-binary,TX,Frequent Spenders,15,5145,2024-07-31
CUST1351,Sarah Parker,29,M,NY,Frequent Spenders,1,170,2024-12-16
CUST1352,Sean Nguyen,30,M,FL,Urban Millennials,10,4970,2024-04-08
CUST1353,Steven Bryant,37,Non-binary,OH,Occasional Buyers,15,2235,2023-07-25
CUST1354,James Graham,20,Non-binary,FL,Budget Buyers,11,5071,2024-01-08
CUST1355,Bryan Ellis,67,M,PA,Budget Buyers,3,1287,2024-03-26
CUST1356,Matthew Hernandez,41,F,OH,Frequent Spenders,12,2316,2024-08-05
CUST1357,Bradley Williamson,80,M,MI,Frequent Spenders,11,5423,2024-11-14
CUST1358,Samantha Ewing,69,Non-binary,IL,Urban Millennials,13,780,2025-01-23
CUST1359,Kimberly Evans,45,Non-binary,TX,Occasional Buyers,9,1656,2024-12-08
CUST1360,Mason Marshall,24,M,PA,Budget Buyers,9,2232,2025-01-12
CUST1361,Patrick Sanchez,56,Non-binary,OH,High-Value Customers,14,2786,2025-02-25
CUST1362,James Carter,46,M,PA,Occasional Buyers,13,2080,2024-01-02
CUST1363,Timothy Romero,58,M,NY,Frequent Spenders,11,3102,2023-07-11
CUST1364,Gavin Irwin,69,Non-binary,TX,Urban Millennials,4,1816,2024-03-15
CUST1365,Alexandra Smith,56,Non-binary,MI,Urban Millennials,4,216,2024-11-23
CUST1366,Richard Williams,33,Non-binary,PA,Budget Buyers,12,3720,2023-09-05
CUST1367,Michelle Landry,20,Non-binary,TX,Frequent Spenders,11,2310,2024-03-23
CUST1368,Ryan Bradley,46,M,NC,High-Value Customers,16,3312,2024-06-25
CUST1369,Rachael Cochran,43,F,IL,High-Value Customers,3,99,2024-02-04
CUST1370,Christopher Smith,65,M,MI,Occasional Buyers,12,5844,2024-06-09
CUST1371,Sean Castillo,53,M,IL,Budget Buyers,14,1806,2023-07-20
CUST1372,Gary Williams,57,F,MI,High-Value Customers,3,267,2025-02-12
CUST1373,Shawn Medina,72,M,MI,High-Value Customers,14,896,2023-09-09
CUST1374,Jonathan Fox,69,Non-binary,PA,Budget Buyers,2,602,2023-03-10
CUST1375,John Lopez,52,F,IL,High-Value Customers,20,2180,2024-06-05
CUST1376,Johnny Peters,68,F,GA,High-Value Customers,3,366,2024-10-07
CUST1377,Jennifer Flores,68,M,FL,Frequent Spenders,0,0,2024-12-26
CUST1378,Miguel Lutz,53,Non-binary,PA,Frequent Spenders,17,1462,2024-12-02
CUST1379,Fernando Thornton,57,M,NY,Budget Buyers,12,4644,2024-09-01
CUST1380,Douglas Peters,64,F,GA,Frequent Spenders,13,5733,2023-06-11
CUST1381,Kathy Griffin,54,M,TX,Budget Buyers,20,1140,2024-09-17
CUST1382,Sandra Rice,46,F,GA,Budget Buyers,4,1876,2023-07-13
CUST1383,Nathan Smith,71,Non-binary,NC,High-Value Customers,4,964,2023-11-14
CUST1384,Jill Garcia,50,M,NY,Occasional Buyers,4,700,2023-03-24
CUST1385,Stephanie Powell DVM,28,M,PA,High-Value Customers,11,3135,2023-11-27
CUST1386,Nicole Prince,75,F,NY,Budget Buyers,6,2070,2024-10-12
CUST1387,Anna Wright,79,Non-binary,IL,High-Value Customers,20,3500,2024-03-14
CUST1388,Brittney Love,57,Non-binary,NY,Occasional Buyers,20,2120,2023-11-23
CUST1389,Leah Patel,55,Non-binary,TX,High-Value Customers,19,7372,2024-02-19
CUST1390,Edward Hickman,75,Non-binary,PA,Occasional Buyers,1,442,2024-11-07
CUST1391,Gavin Miller,73,M,NY,Urban Millennials,20,8280,2025-01-15
CUST1392,Morgan Lindsey,54,F,FL,Occasional Buyers,13,4368,2023-10-12
CUST1393,Zoe Miller,58,M,MI,Occasional Buyers,9,3132,2024-06-12
CUST1394,Tammy Solomon,79,F,MI,High-Value Customers,12,2064,2025-01-28
CUST1395,Sophia Morgan,47,M,CA,High-Value Customers,14,3248,2024-11-21
CUST1396,Zachary Porter,48,F,FL,Budget Buyers,19,1767,2024-05-18
CUST1397,Carol Murray,38,Non-binary,PA,Budget Buyers,12,1032,2023-07-22
CUST1398,John Stone,66,F,GA,Occasional Buyers,3,549,2023-08-14
CUST1399,Steve Cooper,33,F,NY,Budget Buyers,14,2044,2024-11-13
CUST1400,John Tapia,27,M,CA,Budget Buyers,12,5544,2025-02-12
CUST1401,Bryce Brown,57,F,FL,High-Value Customers,10,4980,2023-05-15
CUST1402,Jennifer Smith,54,Non-binary,PA,High-Value Customers,5,1375,2023-03-15
CUST1403,Daniel Lloyd,50,F,MI,Budget Buyers,15,465,2024-09-17
CUST1404,Bradley Booth,23,F,GA,Frequent Spenders,7,910,2024-04-11
CUST1405,Benjamin Garcia,55,F,CA,Urban Millennials,9,2457,2023-07-28
CUST1406,Kimberly Short,56,Non-binary,MI,Budget Buyers,17,408,2023-07-30
CUST1407,Teresa Jones,72,M,OH,High-Value Customers,8,3136,2023-06-07
CUST1408,Joshua Hunt,41,F,PA,Urban Millennials,12,552,2024-07-28
CUST1409,Tabitha Bautista,54,Non-binary,FL,Budget Buyers,17,2839,2023-12-12
CUST1410,Todd Crawford,22,F,GA,Frequent Spenders,17,2771,2024-03-23
CUST1411,Jacob Hughes,70,Non-binary,NC,Urban Millennials,4,276,2023-12-02
CUST1412,Ashley Christensen,43,F,PA,Occasional Buyers,11,4466,2024-10-15
CUST1413,Sierra Austin,27,M,NC,Occasional Buyers,12,3312,2024-04-03
CUST1414,Jacob Payne,20,M,CA,High-Value Customers,10,4310,2024-08-13
CUST1415,Mallory Avila,48,Non-binary,MI,High-Value Customers,19,9063,2023-06-27
CUST1416,Cathy Grimes,50,M,PA,Occasional Buyers,10,1030,2024-04-21
CUST1417,Amanda Montoya,43,Non-binary,IL,Occasional Buyers,10,2790,2024-04-01
CUST1418,Mary Park,71,Non-binary,GA,Frequent Spenders,18,3114,2023-04-25
CUST1419,Lori Maxwell,48,M,PA,Budget Buyers,3,699,2024-07-17
CUST1420,Jeffery Roberts,55,F,CA,Occasional Buyers,15,2325,2023-05-08
CUST1421,Alexander Stevens,79,Non-binary,NC,Occasional Buyers,7,2723,2024-09-19
CUST1422,Michael Wilson,21,Non-binary,MI,High-Value Customers,16,5472,2023-11-29
CUST1423,Jacob Delgado,64,Non-binary,OH,High-Value Customers,7,252,2024-09-23
CUST1424,John Barnes,54,Non-binary,NY,High-Value Customers,0,0,2024-04-17
CUST1425,Kimberly Edwards,38,F,TX,Frequent Spenders,6,1380,2024-10-13
CUST1426,Darlene Villanueva,50,Non-binary,MI,Urban Millennials,4,1140,2023-12-28
CUST1427,Daniel Duncan,31,Non-binary,PA,Frequent Spenders,16,3392,2024-11-13
CUST1428,Jacqueline Schmidt,38,M,MI,Occasional Buyers,10,2990,2023-10-30
CUST1429,Ariel Collier,40,Non-binary,IL,Occasional Buyers,15,1770,2025-01-10
CUST1430,John Wells,79,M,IL,Occasional Buyers,9,1215,2023-10-14
CUST1431,Jennifer Adkins,78,F,IL,High-Value Customers,15,2730,2023-11-22
CUST1432,Sandy Morgan,48,F,GA,Budget Buyers,9,738,2023-10-12
CUST1433,Todd Morrow,54,Non-binary,GA,Frequent Spenders,12,5268,2024-01-01
CUST1434,Roberto Elliott MD,40,M,IL,Urban Millennials,9,3465,2023-11-04
CUST1435,Doris Miller,23,F,MI,Budget Buyers,15,1935,2024-02-13
CUST1436,Dr. Renee Harper,30,Non-binary,IL,Occasional Buyers,8,720,2024-05-13
CUST1437,Jeremy Brown,24,Non-binary,NC,High-Value Customers,7,315,2023-06-12
CUST1438,Colton Reyes,60,Non-binary,FL,High-Value Customers,1,71,2025-01-24
CUST1439,Luke Kane,44,F,MI,Urban Millennials,4,88,2023-04-02
CUST1440,Cheryl Santana,79,Non-binary,TX,Frequent Spenders,20,9960,2023-06-02
CUST1441,Nicole Cook,74,F,MI,High-Value Customers,9,1656,2025-01-03
CUST1442,James Keller,36,Non-binary,CA,Urban Millennials,20,6260,2023-06-23
CUST1443,Mark Curtis,32,Non-binary,CA,High-Value Customers,13,6123,2023-10-03
CUST1444,Stephen Villa,71,M,CA,Frequent Spenders,15,1725,2024-07-09
CUST1445,Eric Black,77,Non-binary,IL,Urban Millennials,0,0,2024-01-25
CUST1446,Daniel Fields,54,Non-binary,NY,Budget Buyers,9,2268,2025-02-22
CUST1447,Kevin Davis,59,Non-binary,GA,Frequent Spenders,4,1820,2023-09-28
CUST1448,Kristopher Adams,50,F,IL,High-Value Customers,3,567,2023-08-10
CUST1449,Carla Brown,28,Non-binary,MI,Budget Buyers,5,135,2024-07-17
CUST1450,Cathy Huber,65,F,IL,Occasional Buyers,6,654,2023-07-16
CUST1451,Jeremy Garcia,57,Non-binary,OH,Frequent Spenders,16,2992,2024-05-04
CUST1452,Cheryl Leonard,23,F,NY,High-Value Customers,4,1056,2024-11-09
CUST1453,Barbara Anderson DDS,38,M,CA,Budget Buyers,12,1680,2023-05-26
CUST1454,William Lee,46,F,PA,Budget Buyers,18,7020,2023-07-07
CUST1455,Stephanie Moore,54,M,IL,Budget Buyers,7,357,2024-01-04
CUST1456,Stephen Mccormick,60,M,MI,Budget Buyers,5,1135,2023-07-16
CUST1457,Katherine James,61,Non-binary,IL,Urban Millennials,20,9780,2025-02-09
CUST1458,Kathryn Martinez,78,F,PA,Occasional Buyers,7,924,2024-12-07
CUST1459,Lisa Ross,79,M,MI,High-Value Customers,14,5628,2024-03-21
CUST1460,Emily Gutierrez,56,F,OH,Occasional Buyers,15,6105,2024-01-06
CUST1461,Kristie Olsen,52,Non-binary,FL,High-Value Customers,19,8873,2024-05-27
CUST1462,Kirsten Green,68,M,GA,Frequent Spenders,16,6080,2024-09-23
CUST1463,Sharon Malone,41,M,NC,Urban Millennials,1,444,2023-05-28
CUST1464,Donna Johnson,53,Non-binary,FL,Occasional Buyers,17,1632,2023-06-11
CUST1465,Jessica Fleming,28,F,GA,Frequent Spenders,3,1104,2023-04-21
CUST1466,Larry Jennings,31,Non-binary,NC,Frequent Spenders,2,960,2024-02-27
CUST1467,Jordan Anderson,50,F,CA,Frequent Spenders,4,1128,2024-06-13
CUST1468,Daniel White,44,F,NC,Urban Millennials,17,4352,2025-02-01
CUST1469,Christina Hawkins,61,F,CA,Frequent Spenders,8,3504,2023-08-08
CUST1470,Tara Huynh,18,Non-binary,FL,Occasional Buyers,2,86,2023-09-12
CUST1471,Valerie Howell,45,F,NY,Occasional Buyers,1,498,2024-10-24
CUST1472,Felicia Hester,75,M,MI,Urban Millennials,9,2061,2024-10-27
CUST1473,Jonathan Kramer,29,M,OH,Budget Buyers,12,2988,2023-05-13
CUST1474,Julie Stevenson,73,F,OH,Urban Millennials,17,1496,2024-09-30
CUST1475,Melissa Mayo,59,F,NY,High-Value Customers,17,3757,2023-08-15
CUST1476,Heather Johnson,51,M,FL,Urban Millennials,0,0,2023-06-19
CUST1477,Maria Garcia,47,Non-binary,GA,Frequent Spenders,17,3638,2023-03-22
CUST1478,Samantha Figueroa,70,M,FL,Frequent Spenders,11,1089,2023-03-12
CUST1479,Andrea Jenkins DDS,35,M,NY,Urban Millennials,13,4342,2023-09-25
CUST1480,Elizabeth Cunningham,67,M,FL,High-Value Customers,2,142,2024-05-22
CUST1481,Jeremy Crosby,56,M,MI,Occasional Buyers,1,145,2024-09-30
CUST1482,Amanda Holmes,65,M,OH,Frequent Spenders,7,2072,2024-10-03
CUST1483,Sue Phillips MD,31,M,TX,Occasional Buyers,9,1251,2023-07-28
CUST1484,Bradley Thornton,70,Non-binary,NC,Budget Buyers,18,5868,2023-08-19
CUST1485,Belinda Reese,67,Non-binary,PA,High-Value Customers,9,4212,2024-08-06
CUST1486,Carmen Davis,27,Non-binary,GA,High-Value Customers,13,2249,2023-09-30
CUST1487,Kelly Medina,35,M,GA,Occasional Buyers,5,1700,2025-02-24
CUST1488,Edward Carpenter,61,F,GA,Frequent Spenders,1,196,2024-12-20
CUST1489,Joseph Huff,78,Non-binary,OH,Occasional Buyers,10,3760,2024-10-29
CUST1490,Calvin Martin,44,F,TX,Budget Buyers,12,1368,2024-05-03
CUST1491,Gabriel Travis,66,Non-binary,MI,High-Value Customers,7,1211,2023-06-04
CUST1492,Justin Miller,72,Non-binary,TX,Frequent Spenders,1,307,2025-01-13
CUST1493,Laura Walker,44,F,GA,Occasional Buyers,4,872,2023-03-15
CUST1494,Debra Le,33,F,FL,Budget Buyers,20,1200,2024-02-19
CUST1495,Brandon Mills,77,F,PA,Urban Millennials,17,6630,2024-01-17
CUST1496,Michael Jackson,71,M,CA,Budget Buyers,12,4368,2023-04-22
CUST1497,Mrs. Sara Norman,56,Non-binary,CA,Urban Millennials,6,2586,2024-12-18
CUST1498,Jonathan Chavez,66,Non-binary,GA,High-Value Customers,15,1890,2023-08-09
CUST1499,Curtis Hughes,73,F,IL,Urban Millennials,6,2994,2024-07-04
CUST1500,Karen Scott,30,Non-binary,NY,Frequent Spenders,7,2632,2024-01-20
CUST1501,Dr. Leslie Harris PhD,56,Non-binary,FL,Frequent Spenders,7,2114,2023-07-30
CUST1502,Nathan Davis,38,F,OH,Frequent Spenders,17,5984,2024-03-02
CUST1503,Elizabeth Rodriguez,40,F,IL,Budget Buyers,16,7536,2024-10-30
CUST1504,Rose Medina,49,F,NY,Frequent Spenders,10,4880,2024-10-25
CUST1505,Jeff Rogers,31,F,PA,Frequent Spenders,1,308,2024-06-21
CUST1506,Richard Aguilar,73,M,TX,Urban Millennials,8,2424,2023-06-29
CUST1507,Andrew Mason,77,Non-binary,NC,Frequent Spenders,9,882,2024-04-23
CUST1508,Ann Stewart,30,F,FL,Frequent Spenders,18,8028,2024-09-11
CUST1509,Jillian Young,33,F,GA,Budget Buyers,8,3280,2023-07-05
CUST1510,Stephen Gibbs,70,F,MI,Frequent Spenders,5,1975,2024-07-01
CUST1511,Timothy Roberts,68,F,TX,High-Value Customers,17,4590,2023-04-30
CUST1512,Laurie Smith,29,Non-binary,CA,Occasional Buyers,1,449,2023-08-17
CUST1513,Victor Cooke,72,M,CA,Urban Millennials,13,1170,2025-01-07
CUST1514,Derek Cox,71,Non-binary,FL,Urban Millennials,4,96,2024-03-12
CUST1515,Courtney Jones,31,Non-binary,MI,Budget Buyers,1,336,2023-06-30
CUST1516,Karen Oliver,58,Non-binary,NC,Frequent Spenders,15,420,2024-08-08
CUST1517,Rita Anderson,18,Non-binary,GA,Frequent Spenders,0,0,2025-02-07
CUST1518,Michael Wilson,51,Non-binary,IL,Occasional Buyers,9,252,2025-02-13
CUST1519,Matthew Lewis,50,Non-binary,OH,High-Value Customers,3,1470,2023-06-16
CUST1520,Alyssa Green,24,Non-binary,TX,High-Value Customers,6,2022,2023-09-30
CUST1521,Raymond Anderson,51,F,PA,Budget Buyers,12,720,2023-08-17
CUST1522,Jason Ward,41,F,MI,Occasional Buyers,7,2632,2025-01-20
CUST1523,Bethany Powell,32,F,NY,Urban Millennials,2,454,2023-08-21
CUST1524,Jared Bryant,42,F,GA,Frequent Spenders,1,346,2024-05-09
CUST1525,Tammie Davis,18,Non-binary,TX,Urban Millennials,15,6780,2023-06-21
CUST1526,Randy Edwards,45,Non-binary,PA,Occasional Buyers,3,1434,2024-11-12
CUST1527,Thomas James,51,M,FL,High-Value Customers,18,4734,2024-09-13
CUST1528,Christopher Jones,35,M,NY,Budget Buyers,17,5236,2024-01-23
CUST1529,Douglas Nichols,60,M,TX,Budget Buyers,0,0,2023-05-04
CUST1530,Julia Patrick,55,M,OH,Urban Millennials,9,927,2024-05-05
CUST1531,Travis Long,54,M,NC,Frequent Spenders,17,3213,2024-12-02
CUST1532,Zachary Cortez,42,Non-binary,TX,Urban Millennials,16,6416,2023-08-12
CUST1533,Heather Rice,80,F,CA,Urban Millennials,13,1794,2023-05-01
CUST1534,Nicholas Williams MD,71,M,PA,Occasional Buyers,19,6156,2024-03-01
CUST1535,Jasmine Collins,43,F,CA,Budget Buyers,14,3794,2024-10-24
CUST1536,Barbara Soto PhD,32,F,GA,Frequent Spenders,13,1495,2024-09-09
CUST1537,Jessica Williams,61,Non-binary,OH,Urban Millennials,19,3249,2024-12-01
CUST1538,Heather Johnston,69,M,NY,Urban Millennials,8,784,2024-08-01
CUST1539,Gary Ritter,42,Non-binary,TX,Frequent Spenders,10,2040,2024-09-08
CUST1540,Robert Schaefer,24,M,CA,Budget Buyers,14,2856,2023-08-13
CUST1541,Tony Elliott,66,F,NY,High-Value Customers,2,230,2024-10-06
CUST1542,Holly Ramsey,45,F,GA,Occasional Buyers,16,3648,2023-03-16
CUST1543,Austin Rangel,24,M,NY,Budget Buyers,17,1139,2024-09-18
CUST1544,Heather Williams,56,Non-binary,PA,Frequent Spenders,0,0,2024-07-10
CUST1545,Charles Rasmussen,44,F,NY,Occasional Buyers,7,2184,2024-10-15
CUST1546,Ashley West,51,M,OH,High-Value Customers,4,628,2023-12-22
CUST1547,Rebecca Moore,37,F,MI,High-Value Customers,2,210,2024-12-25
CUST1548,Ryan Tran,45,F,OH,Budget Buyers,15,6300,2023-10-10
CUST1549,Sarah Perez,22,F,IL,High-Value Customers,20,5460,2024-03-22
CUST1550,Amanda West,56,Non-binary,FL,Frequent Spenders,3,267,2024-04-04
CUST1551,Victoria Peters,37,M,OH,Budget Buyers,19,4066,2024-06-22
CUST1552,Michael Andrade,69,F,MI,Budget Buyers,13,5681,2023-10-23
CUST1553,Julie Copeland,70,Non-binary,NC,High-Value Customers,9,1656,2024-09-15
CUST1554,Johnathan Garcia,56,Non-binary,FL,Frequent Spenders,10,1100,2024-10-24
CUST1555,Jenna Smith,79,F,PA,Budget Buyers,20,5420,2024-09-27
CUST1556,John Lam,79,Non-binary,FL,Budget Buyers,12,1956,2023-06-03
CUST1557,Michael Moss,70,F,PA,Urban Millennials,18,2196,2023-04-17
CUST1558,Briana Moore,55,Non-binary,TX,Occasional Buyers,0,0,2023-06-27
CUST1559,Andrea Herrera,47,Non-binary,FL,Frequent Spenders,9,4005,2023-10-20
CUST1560,Vanessa Miller MD,62,M,OH,Frequent Spenders,4,1376,2025-01-14
CUST1561,William Young,37,M,IL,High-Value Customers,13,5512,2024-08-08
CUST1562,Jill Williams,42,M,MI,Occasional Buyers,15,4770,2024-12-18
CUST1563,Jonathan Gillespie,43,Non-binary,GA,Frequent Spenders,17,646,2023-08-26
CUST1564,Elizabeth Drake,68,F,GA,Occasional Buyers,20,9760,2023-04-05
CUST1565,Lindsay Murphy,23,M,FL,Budget Buyers,5,1755,2024-06-03
CUST1566,Robin Griffin,57,M,NC,Frequent Spenders,10,4270,2024-09-19
CUST1567,Anita Thomas,45,M,CA,Urban Millennials,8,1064,2024-04-27
CUST1568,Ashley Davis,50,Non-binary,GA,Occasional Buyers,18,6696,2024-03-23
CUST1569,Melinda Jones,54,M,MI,Budget Buyers,12,3084,2023-03-05
CUST1570,Gerald Caldwell,67,Non-binary,NC,Occasional Buyers,4,784,2023-05-17
CUST1571,Timothy Khan,19,F,NY,Budget Buyers,13,6383,2023-10-08
CUST1572,Latoya Johnson,79,M,NY,High-Value Customers,11,1969,2023-04-26
CUST1573,Steve Williams,39,F,FL,Occasional Buyers,15,2970,2024-05-13
CUST1574,Justin James,48,M,MI,Frequent Spenders,10,540,2024-03-17
CUST1575,Felicia Baldwin,37,M,NY,Urban Millennials,10,3510,2024-07-05
CUST1576,Christopher Montes,24,Non-binary,TX,High-Value Customers,16,1744,2024-07-01
CUST1577,Amanda Price,53,M,PA,Occasional Buyers,13,3328,2024-05-27
CUST1578,Jessica Hines,32,F,TX,High-Value Customers,20,7120,2023-09-26
CUST1579,Michael Adams,45,F,CA,Occasional Buyers,6,1500,2023-10-06
CUST1580,Maria Jones,55,F,OH,Urban Millennials,6,750,2023-05-29
CUST1581,Shirley Shaffer,35,Non-binary,NY,Occasional Buyers,3,1287,2023-08-20
CUST1582,Justin Bailey,73,Non-binary,TX,Budget Buyers,10,1200,2023-09-27
CUST1583,Ashley Leon,47,M,IL,Frequent Spenders,16,5552,2024-04-01
CUST1584,Oscar Jacobs,38,Non-binary,OH,Occasional Buyers,12,3840,2025-02-28
CUST1585,Richard Simpson,25,F,PA,Frequent Spenders,19,2052,2024-02-09
CUST1586,Thomas Nixon,70,Non-binary,IL,Occasional Buyers,18,1134,2023-12-31
CUST1587,Cody Alvarez MD,61,M,PA,Urban Millennials,7,1232,2023-11-14
CUST1588,Kevin Fitzgerald,25,M,PA,High-Value Customers,16,3488,2025-02-28
CUST1589,Dawn Scott,44,Non-binary,TX,Occasional Buyers,12,2832,2024-06-14
CUST1590,Carolyn Bartlett,29,F,GA,High-Value Customers,17,1785,2024-05-19
CUST1591,Amanda Mcclain,49,F,TX,High-Value Customers,10,4510,2023-05-10
CUST1592,Dawn Brewer,46,Non-binary,CA,Budget Buyers,0,0,2024-08-25
CUST1593,Julia Fox,26,M,OH,Occasional Buyers,16,5664,2023-12-14
CUST1594,Christina Stephenson,49,F,MI,Frequent Spenders,14,3780,2024-01-20
CUST1595,Sheryl Deleon,28,M,NC,Urban Millennials,7,1183,2023-04-25
CUST1596,Brandon Thornton,20,F,FL,Occasional Buyers,9,954,2024-02-01
CUST1597,Nicole Chambers,67,F,NC,Frequent Spenders,17,4777,2024-12-13
CUST1598,Edward Blankenship,25,Non-binary,NY,Budget Buyers,17,7497,2025-01-26
CUST1599,Loretta Stephenson,41,Non-binary,CA,Frequent Spenders,17,2227,2023-12-04
CUST1600,Leah Wallace,45,M,FL,Budget Buyers,1,250,2024-03-01
CUST1601,Robert Rodriguez,34,F,NY,Frequent Spenders,3,1251,2023-04-25
CUST1602,Jacob Shepherd,69,M,FL,Occasional Buyers,11,5060,2023-12-31
CUST1603,Sara Henderson,63,Non-binary,OH,High-Value Customers,19,1729,2024-03-24
CUST1604,William Richardson,68,M,FL,Urban Millennials,18,3582,2023-12-13
CUST1605,Shannon Kelley,52,F,NC,Occasional Buyers,5,925,2023-08-08
CUST1606,Christina Fisher,80,Non-binary,IL,Budget Buyers,18,2808,2023-05-26
CUST1607,Brenda Duncan,78,Non-binary,NY,High-Value Customers,13,6370,2023-06-24
CUST1608,Emma Fisher,21,F,TX,High-Value Customers,7,658,2023-11-21
CUST1609,Juan Wilson,63,F,FL,Frequent Spenders,15,1380,2023-04-06
CUST1610,Kirk Lang,54,Non-binary,IL,Frequent Spenders,12,3012,2023-12-25
CUST1611,Deanna Gonzales,22,Non-binary,NY,Frequent Spenders,16,6448,2024-04-10
CUST1612,Robert Butler,35,Non-binary,PA,Frequent Spenders,15,2805,2023-05-02
CUST1613,Kim Huffman,55,M,NY,Frequent Spenders,20,7200,2025-01-12
CUST1614,Denise Wilkins,62,F,NY,Occasional Buyers,12,1572,2024-10-20
CUST1615,Christian Walker,79,F,FL,Frequent Spenders,8,1480,2024-01-24
CUST1616,Laura Nunez,71,F,PA,Occasional Buyers,18,1548,2025-01-11
CUST1617,Amanda Martinez,54,F,PA,Urban Millennials,1,70,2025-03-02
CUST1618,Cheryl Ramirez,58,F,CA,Urban Millennials,5,1225,2023-03-14
CUST1619,Ryan Watson,47,M,OH,High-Value Customers,4,1884,2024-10-05
CUST1620,Tami Johnson,59,F,TX,Budget Buyers,2,710,2023-05-20
CUST1621,Jake Brown,41,F,NY,Budget Buyers,20,2080,2024-07-19
CUST1622,Justin Meyer,21,F,IL,High-Value Customers,13,4615,2024-10-08
CUST1623,Tammy Hurst,23,Non-binary,NY,Urban Millennials,6,1584,2025-02-15
CUST1624,Jacqueline Lewis,22,M,NC,High-Value Customers,16,5888,2023-11-05
CUST1625,Sarah Stevenson,46,M,CA,Budget Buyers,3,1380,2023-09-07
CUST1626,Luis Lewis,45,Non-binary,TX,Frequent Spenders,2,274,2023-07-04
CUST1627,Kimberly Jones,42,M,NY,Urban Millennials,10,2080,2025-02-19
CUST1628,Paul Cunningham,74,F,TX,Frequent Spenders,4,1392,2023-10-26
CUST1629,Stephen Walker,61,M,NY,Occasional Buyers,18,432,2024-02-15
CUST1630,Michael Miller,57,Non-binary,TX,Frequent Spenders,11,4279,2024-09-16
CUST1631,Todd King,31,Non-binary,TX,Frequent Spenders,19,7049,2023-05-04
CUST1632,Austin Welch,46,M,NY,Urban Millennials,4,1620,2024-03-20
CUST1633,Brett Smith,25,Non-binary,OH,Budget Buyers,13,2353,2023-11-11
CUST1634,Louis Watkins,68,M,FL,Budget Buyers,20,1260,2023-10-12
CUST1635,Benjamin Myers,33,Non-binary,NC,Occasional Buyers,19,3135,2024-06-09
CUST1636,Jodi Webb,67,Non-binary,CA,Budget Buyers,6,1710,2024-07-12
CUST1637,Sara Warner,56,Non-binary,FL,Frequent Spenders,9,3150,2024-07-30
CUST1638,Brittany Mooney,21,M,MI,Frequent Spenders,3,429,2023-11-25
CUST1639,Andrew Gray,49,Non-binary,NC,Urban Millennials,16,7600,2023-07-22
CUST1640,Jonathan Sanchez,80,M,PA,Budget Buyers,4,872,2025-02-16
CUST1641,Kelsey Huang,73,Non-binary,OH,Budget Buyers,17,6273,2024-04-30
CUST1642,Bethany Tyler,29,F,NY,Urban Millennials,18,972,2024-07-03
CUST1643,Nathan Hawkins,18,F,FL,Urban Millennials,1,424,2024-02-06
CUST1644,Stephanie Arnold,43,Non-binary,IL,Occasional Buyers,13,3068,2024-05-01
CUST1645,Natasha Green,62,F,NY,Occasional Buyers,17,5695,2024-03-10
CUST1646,Chase Baldwin,27,F,NY,Budget Buyers,2,562,2024-10-04
CUST1647,David Martin,76,M,TX,Occasional Buyers,10,2200,2023-08-26
CUST1648,Anne Rice,55,Non-binary,NY,Budget Buyers,13,5109,2024-10-08
CUST1649,Travis Oneal,79,M,CA,High-Value Customers,2,986,2024-10-12
CUST1650,Shawn Freeman Jr.,45,M,MI,Occasional Buyers,19,912,2023-06-30
CUST1651,Laura Bauer,37,Non-binary,TX,Urban Millennials,0,0,2024-01-13
CUST1652,Alisha Scott,26,Non-binary,CA,High-Value Customers,15,2955,2023-12-05
CUST1653,Robert Lee,51,Non-binary,IL,High-Value Customers,11,924,2023-10-03
CUST1654,Cheryl Thompson,65,F,NY,Urban Millennials,10,4330,2023-05-17
CUST1655,Chad Malone,45,F,GA,Urban Millennials,8,3072,2023-10-16
CUST1656,Brenda Miller,80,Non-binary,NY,Frequent Spenders,14,3934,2023-10-06
CUST1657,Steven Dominguez,41,M,MI,Occasional Buyers,5,1040,2023-06-20
CUST1658,Joseph Martin,28,F,NY,Occasional Buyers,3,408,2023-06-23
CUST1659,Sara Whitehead,65,Non-binary,CA,Urban Millennials,0,0,2023-08-21
CUST1660,Edward Guerrero,20,F,PA,Frequent Spenders,4,444,2023-03-18
CUST1661,Christopher Tapia,77,M,GA,Frequent Spenders,7,1288,2024-10-15
CUST1662,Cynthia Robinson,33,F,PA,Budget Buyers,2,624,2024-04-15
CUST1663,Christopher Torres,41,M,GA,Urban Millennials,5,670,2024-04-28
CUST1664,Joy Evans,69,Non-binary,CA,Frequent Spenders,2,938,2024-01-13
CUST1665,Eric Gomez,47,F,IL,Budget Buyers,2,606,2023-10-05
CUST1666,Jesse Martin,47,M,PA,High-Value Customers,9,2772,2023-04-14
CUST1667,Ronald Carson,68,F,NC,High-Value Customers,14,2912,2023-11-13
CUST1668,James Williams,55,F,FL,Occasional Buyers,7,679,2024-06-22
CUST1669,Justin Alexander,18,F,CA,High-Value Customers,17,3349,2023-08-03
CUST1670,Yvonne Hanna,58,Non-binary,CA,Budget Buyers,0,0,2024-06-12
CUST1671,Anthony Ramirez,60,F,IL,Urban Millennials,6,1746,2024-03-24
CUST1672,Andrew Callahan,80,M,OH,Frequent Spenders,1,92,2023-10-31
CUST1673,Yolanda Vasquez,63,F,NY,Urban Millennials,7,3353,2023-12-25
CUST1674,John Combs,72,Non-binary,OH,Budget Buyers,14,5628,2024-01-13
CUST1675,Angela Duke,23,Non-binary,NY,Occasional Buyers,4,1384,2024-04-26
CUST1676,Jacob Scott,70,F,NY,Occasional Buyers,18,918,2023-10-21
CUST1677,Marcus Cook,45,Non-binary,TX,High-Value Customers,9,1377,2024-08-16
CUST1678,Nathaniel Briggs,72,F,OH,Budget Buyers,10,2510,2023-05-11
CUST1679,William Lloyd,35,M,NY,High-Value Customers,4,1676,2023-10-20
CUST1680,Candace Zimmerman,67,Non-binary,NY,High-Value Customers,3,312,2024-07-22
CUST1681,Kimberly Taylor,46,F,PA,Frequent Spenders,3,882,2024-01-08
CUST1682,Martin Gomez,40,M,MI,Budget Buyers,14,2170,2023-08-19
CUST1683,Kim Dominguez,72,M,NY,High-Value Customers,9,3987,2024-02-19
CUST1684,Robert Bass,63,Non-binary,NC,Urban Millennials,6,2682,2024-01-21
CUST1685,Megan Chase,72,F,TX,Urban Millennials,7,1414,2025-01-04
CUST1686,Renee Allen,43,Non-binary,CA,Budget Buyers,8,3512,2023-11-28
CUST1687,Elizabeth Holland,29,M,OH,Frequent Spenders,17,6851,2024-12-19
CUST1688,Mrs. Isabel Clark,53,M,NY,Frequent Spenders,3,1293,2024-10-05
CUST1689,Randall Montgomery,68,M,NY,Urban Millennials,1,445,2023-07-15
CUST1690,Lindsey Peters,67,M,TX,High-Value Customers,12,2520,2024-06-05
CUST1691,Patrick Fields,61,Non-binary,NY,Occasional Buyers,18,2736,2024-01-14
CUST1692,James Lane,76,M,CA,Urban Millennials,6,2892,2023-09-08
CUST1693,Kirsten Bennett,59,F,TX,Urban Millennials,10,820,2023-11-12
CUST1694,Kelly Johnson,20,F,CA,High-Value Customers,18,4338,2025-01-05
CUST1695,Paul Montgomery,70,Non-binary,OH,Frequent Spenders,0,0,2024-10-05
CUST1696,Matthew Miller,61,F,TX,Budget Buyers,6,2910,2023-10-20
CUST1697,Tracy Andersen,29,F,IL,Frequent Spenders,4,148,2024-12-06
CUST1698,Deborah Morgan,57,Non-binary,NC,High-Value Customers,20,3420,2025-02-13
CUST1699,Dale Dunlap,49,F,GA,Frequent Spenders,1,64,2025-01-31
CUST1700,Brandon Lee,35,F,TX,Frequent Spenders,6,2094,2024-06-14
CUST1701,Frederick Fernandez,74,Non-binary,FL,Occasional Buyers,0,0,2024-08-22
CUST1702,April Hoover,68,Non-binary,PA,Frequent Spenders,17,7140,2024-01-15
CUST1703,Jeffrey Richardson,49,F,NC,Occasional Buyers,10,2180,2024-10-18
CUST1704,Daniel Collins,35,M,CA,Budget Buyers,19,2508,2024-03-14
CUST1705,Lauren Marquez,19,F,CA,Frequent Spenders,16,3248,2024-09-27
CUST1706,Charles Williams,67,Non-binary,FL,High-Value Customers,3,438,2023-11-20
CUST1707,Tommy Lynn,60,M,IL,Occasional Buyers,1,411,2023-07-01
CUST1708,John Edwards,78,M,NC,Frequent Spenders,11,5478,2023-06-21
CUST1709,Ashley Coleman,71,M,TX,High-Value Customers,18,3276,2025-01-29
CUST1710,Olivia Davis,69,Non-binary,PA,Occasional Buyers,0,0,2024-07-08
CUST1711,Ryan Potts,62,F,NC,Occasional Buyers,4,1232,2023-03-16
CUST1712,Jeffrey Roberts,78,M,MI,Occasional Buyers,9,981,2023-08-14
CUST1713,Tiffany Vasquez,49,M,NY,Urban Millennials,7,2296,2025-02-12
CUST1714,Thomas Torres,32,M,GA,Frequent Spenders,0,0,2023-12-31
CUST1715,Patricia Contreras,76,Non-binary,FL,High-Value Customers,10,3870,2023-05-28
CUST1716,Mark Mitchell,29,F,CA,Urban Millennials,4,1280,2024-07-28
CUST1717,Jordan Thompson,63,M,NY,Occasional Buyers,11,627,2024-04-21
CUST1718,Brad Martinez,41,Non-binary,OH,Occasional Buyers,3,576,2024-01-30
CUST1719,Joseph Maxwell,37,F,TX,High-Value Customers,13,5525,2024-11-09
CUST1720,Erin Molina,58,F,PA,High-Value Customers,17,6375,2024-08-18
CUST1721,Jennifer Fry,74,Non-binary,PA,High-Value Customers,18,7866,2024-10-27
CUST1722,Cesar Carlson,29,F,IL,Budget Buyers,4,440,2025-01-23
CUST1723,Chris Wilson,64,M,NC,Frequent Spenders,18,648,2023-07-19
CUST1724,William Smith,29,Non-binary,PA,Occasional Buyers,7,2429,2024-09-05
CUST1725,Ann Richardson,54,M,MI,High-Value Customers,10,4010,2024-10-28
CUST1726,Christian Young,22,M,PA,Budget Buyers,5,1725,2024-02-27
CUST1727,Barbara Davis,74,M,PA,Frequent Spenders,0,0,2024-11-16
CUST1728,Susan Carter,31,M,NY,Budget Buyers,8,3376,2023-06-15
CUST1729,Mary Zimmerman,24,Non-binary,CA,Urban Millennials,12,2928,2024-10-28
CUST1730,Katie Ferguson,64,F,TX,Frequent Spenders,15,7065,2024-08-27
CUST1731,Crystal Johnson,42,F,GA,Frequent Spenders,3,1332,2023-06-02
CUST1732,Roberto Mayo,48,Non-binary,FL,High-Value Customers,14,798,2024-01-04
CUST1733,Randy Roberts,69,M,IL,Urban Millennials,10,1530,2023-06-04
CUST1734,Frank Stewart,78,M,NY,Budget Buyers,5,2370,2024-02-22
CUST1735,Thomas Rodriguez,42,M,NY,Occasional Buyers,2,386,2024-03-29
CUST1736,Brian Peterson,56,Non-binary,MI,Urban Millennials,13,4602,2024-09-08
CUST1737,Anthony Reed MD,28,Non-binary,OH,High-Value Customers,1,71,2023-12-15
CUST1738,Amber Sandoval,39,M,FL,Frequent Spenders,17,6613,2023-11-27
CUST1739,Patricia Walters,77,Non-binary,GA,Budget Buyers,9,1548,2024-08-29
CUST1740,William Padilla,33,M,CA,Frequent Spenders,18,5418,2023-12-10
CUST1741,Darrell Rollins,71,F,TX,Urban Millennials,11,231,2024-06-22
CUST1742,Christopher Prince,45,M,IL,Occasional Buyers,15,1830,2023-10-25
CUST1743,Matthew Jacobson,24,M,FL,High-Value Customers,20,3380,2023-03-11
CUST1744,Dr. Bill Miller,80,M,MI,Urban Millennials,9,3789,2023-11-29
CUST1745,Andrew Davidson,43,F,MI,Budget Buyers,2,696,2024-06-15
CUST1746,Debbie Pollard,52,F,TX,Budget Buyers,12,2508,2024-08-09
CUST1747,Holly Johnson,29,F,CA,Budget Buyers,14,3612,2024-10-15
CUST1748,Ian Jenkins,34,M,IL,Occasional Buyers,1,97,2024-06-29
CUST1749,Sandra Cooper,66,Non-binary,NY,Urban Millennials,11,4763,2023-12-21
CUST1750,Jennifer Thomas,52,F,NC,High-Value Customers,17,867,2024-11-26
CUST1751,George Lawrence,71,F,GA,Frequent Spenders,17,6307,2024-01-25
CUST1752,Mario Brown,73,F,NC,High-Value Customers,15,2595,2023-11-01
CUST1753,Donna Williams,23,F,CA,Occasional Buyers,18,8658,2023-06-22
CUST1754,Kaitlyn Baker,51,Non-binary,NC,High-Value Customers,3,1221,2023-11-01
CUST1755,Dennis Collins,46,M,TX,High-Value Customers,6,504,2023-08-11
CUST1756,Robert Kelley,20,F,NY,Frequent Spenders,6,2646,2024-04-05
CUST1757,Miss Mary Jackson,58,M,NC,Budget Buyers,10,4860,2024-10-28
CUST1758,Logan Roberson,64,M,NY,Frequent Spenders,17,3791,2024-07-23
CUST1759,Jessica Phillips,53,F,IL,Occasional Buyers,14,6846,2024-10-09
CUST1760,Robert Gray,73,M,NC,Occasional Buyers,16,6720,2025-01-08
CUST1761,Robert Robinson,44,M,OH,High-Value Customers,4,1240,2023-08-28
CUST1762,Norman Tate,55,Non-binary,NY,Urban Millennials,18,7542,2023-07-02
CUST1763,Jennifer Lawrence,24,F,GA,Budget Buyers,13,2015,2024-03-19
CUST1764,Rachel Ross,42,Non-binary,MI,Occasional Buyers,19,4978,2024-07-10
CUST1765,John Rasmussen,20,M,IL,Frequent Spenders,4,1344,2023-05-02
CUST1766,Melissa Ayala,56,Non-binary,OH,Urban Millennials,12,5700,2023-09-14
CUST1767,Phillip Villarreal,74,F,FL,Urban Millennials,15,7365,2024-12-28
CUST1768,Corey Keith,35,F,CA,Budget Buyers,9,1611,2023-04-16
CUST1769,Mrs. Sierra Ho,35,F,NY,High-Value Customers,4,692,2024-08-06
CUST1770,Amy Mack,80,Non-binary,MI,Budget Buyers,8,3144,2023-08-30
CUST1771,Teresa Kelly,44,Non-binary,NY,High-Value Customers,14,1792,2023-03-12
CUST1772,Frances Leonard,76,F,MI,Occasional Buyers,11,4840,2023-11-02
CUST1773,Susan Wagner,21,Non-binary,TX,Urban Millennials,9,3447,2023-11-29
CUST1774,Noah Robinson,50,F,TX,Occasional Buyers,18,612,2023-10-20
CUST1775,Kenneth Chapman,29,M,FL,Urban Millennials,7,252,2024-05-20
CUST1776,James Espinoza,47,M,PA,High-Value Customers,8,1664,2024-01-25
CUST1777,Kelly Hayes,70,F,GA,Frequent Spenders,20,9840,2025-02-16
CUST1778,Frances Rogers,25,Non-binary,CA,High-Value Customers,11,2970,2024-01-23
CUST1779,George Bush,56,F,TX,Frequent Spenders,18,5436,2023-05-26
CUST1780,Richard Aguirre,40,F,TX,Budget Buyers,2,330,2023-08-24
CUST1781,Michelle Long,19,F,CA,High-Value Customers,18,7542,2024-12-11
CUST1782,Alyssa Rowland DDS,79,M,FL,High-Value Customers,6,942,2023-09-26
CUST1783,Miss Leah Weaver,59,F,GA,Urban Millennials,0,0,2024-10-25
CUST1784,Victor Riley,76,M,TX,Occasional Buyers,0,0,2025-03-02
CUST1785,Katelyn Guerrero,34,Non-binary,IL,Budget Buyers,13,6214,2024-02-04
CUST1786,Joshua Jackson,42,F,MI,Budget Buyers,6,1548,2023-09-29
CUST1787,Darrell Cannon,37,Non-binary,GA,Occasional Buyers,12,3828,2024-08-10
CUST1788,Scott Ferrell MD,24,M,GA,Budget Buyers,17,5967,2024-02-23
CUST1789,Julie Lewis,56,Non-binary,IL,Budget Buyers,3,798,2023-08-03
CUST1790,Austin Wilson,22,F,IL,Budget Buyers,8,1224,2024-07-25
CUST1791,Matthew Fischer,59,Non-binary,IL,High-Value Customers,4,1136,2023-03-30
CUST1792,Mathew Carpenter,66,M,CA,Occasional Buyers,12,4296,2024-03-24
CUST1793,Jessica Schwartz,38,Non-binary,TX,Urban Millennials,20,5480,2023-03-04
CUST1794,David Snyder,36,F,OH,Frequent Spenders,12,4764,2023-12-04
CUST1795,Stacey Ross,20,Non-binary,NC,High-Value Customers,10,3910,2024-02-27
CUST1796,Jasmine Cole,63,M,GA,Frequent Spenders,11,3069,2024-05-22
CUST1797,Lisa Chan,37,M,GA,High-Value Customers,9,621,2024-07-04
CUST1798,Tiffany Obrien,48,M,IL,Occasional Buyers,5,1840,2023-10-16
CUST1799,Logan Rivera,75,F,NY,High-Value Customers,11,1474,2024-06-07
CUST1800,Stephanie Brown,65,F,OH,Budget Buyers,11,1683,2024-02-26
CUST1801,Sierra White,55,F,MI,Urban Millennials,15,705,2023-09-30
CUST1802,Colin Baker,73,Non-binary,NC,Occasional Buyers,19,1064,2023-09-05
CUST1803,David Lopez,48,M,GA,Urban Millennials,12,3492,2023-04-23
CUST1804,Melanie Webb,37,F,CA,High-Value Customers,4,488,2023-06-26
CUST1805,Adam Hicks,39,F,NC,Frequent Spenders,4,724,2024-02-13
CUST1806,Stephanie Greene,73,Non-binary,TX,Urban Millennials,15,2850,2024-12-08
CUST1807,Allen Lee,58,M,PA,Urban Millennials,0,0,2024-09-19
CUST1808,Nicole Avila,35,M,TX,Occasional Buyers,5,1350,2024-02-23
CUST1809,Bailey Reed,68,M,TX,Occasional Buyers,13,4472,2024-01-10
CUST1810,Andrew Fuller,45,F,OH,Frequent Spenders,12,264,2023-05-10
CUST1811,Lisa Smith,20,Non-binary,FL,Budget Buyers,0,0,2023-04-13
CUST1812,Jennifer Carey,38,Non-binary,FL,Urban Millennials,0,0,2023-05-12
CUST1813,Dawn Rodriguez,64,M,FL,Budget Buyers,9,774,2024-02-01
CUST1814,Steven Anderson,24,F,GA,Occasional Buyers,9,945,2024-05-06
CUST1815,Matthew Lloyd,22,M,IL,Budget Buyers,14,5488,2024-08-05
CUST1816,Brenda Ford,51,Non-binary,GA,Budget Buyers,13,6162,2023-08-31
CUST1817,Melissa Taylor,61,M,PA,Frequent Spenders,11,4444,2024-05-30
CUST1818,Charles Wise,30,M,OH,Urban Millennials,7,938,2024-07-28
CUST1819,Steve Mcdaniel,64,M,FL,Urban Millennials,18,5004,2023-07-14
CUST1820,Tiffany Buckley,28,M,PA,Urban Millennials,12,5616,2024-02-11
CUST1821,Briana Goodwin,58,F,GA,Occasional Buyers,1,324,2024-08-11
CUST1822,Michelle Kelley,21,Non-binary,NY,Urban Millennials,1,373,2025-02-23
CUST1823,David Boyle,25,F,MI,Frequent Spenders,3,900,2023-10-08
CUST1824,Kimberly Stewart,34,F,TX,High-Value Customers,20,480,2023-04-13
CUST1825,Tiffany Smith,37,F,NY,Occasional Buyers,8,2704,2023-07-09
CUST1826,Kirsten Carter,56,Non-binary,TX,Frequent Spenders,3,843,2024-02-13
CUST1827,Christopher Hamilton,64,Non-binary,NY,Budget Buyers,3,1263,2023-08-01
CUST1828,Terri Henson,24,F,FL,Occasional Buyers,6,2508,2023-10-14
CUST1829,Scott Harrison,34,Non-binary,FL,Budget Buyers,13,2223,2023-06-14
CUST1830,Justin Lee,28,M,GA,Frequent Spenders,6,2232,2023-08-07
CUST1831,Jose Johnson,77,F,PA,High-Value Customers,0,0,2024-10-10
CUST1832,Abigail Conner,60,M,NY,Occasional Buyers,15,1440,2023-12-16
CUST1833,Sarah Little,78,M,GA,Urban Millennials,3,1449,2023-05-04
CUST1834,Darrell Reyes,34,Non-binary,FL,Frequent Spenders,9,1395,2023-12-30
CUST1835,Bryan Dunn,47,M,NY,High-Value Customers,1,456,2023-07-17
CUST1836,Melissa Weeks,36,F,PA,Frequent Spenders,3,204,2023-06-29
CUST1837,Traci Johnson,72,M,CA,High-Value Customers,20,2140,2025-01-12
CUST1838,Casey Mcgee,39,F,MI,Occasional Buyers,8,3752,2023-04-15
CUST1839,Erin Parks,64,M,PA,Budget Buyers,5,390,2025-01-14
CUST1840,Dr. Jessica Jordan,43,F,MI,Budget Buyers,12,4476,2024-06-15
CUST1841,Tina Gilmore,72,F,OH,High-Value Customers,3,261,2025-01-24
CUST1842,Nancy Villa,62,Non-binary,CA,High-Value Customers,3,699,2023-11-22
CUST1843,Melanie Oconnor,76,Non-binary,MI,Occasional Buyers,14,1568,2023-12-16
CUST1844,Nicolas Bryant,57,F,PA,Occasional Buyers,0,0,2023-08-18
CUST1845,Anthony Hunter,61,Non-binary,TX,Frequent Spenders,15,1155,2023-08-16
CUST1846,Nicholas Rodriguez,74,F,MI,Urban Millennials,2,306,2024-11-10
CUST1847,Sara Campbell,59,F,CA,Occasional Buyers,18,7020,2024-06-12
CUST1848,Chelsea Alvarez,54,M,PA,Occasional Buyers,16,5952,2023-06-11
CUST1849,Teresa Townsend,62,Non-binary,NY,Frequent Spenders,7,1862,2024-05-10
CUST1850,Tracy Mayer,40,Non-binary,OH,High-Value Customers,17,8092,2024-07-09
CUST1851,Heather Hays,57,M,CA,High-Value Customers,16,7264,2024-01-21
CUST1852,Jason Sampson,48,F,TX,Urban Millennials,15,2760,2024-01-07
CUST1853,Ryan Mata,33,F,IL,Urban Millennials,16,2144,2023-11-10
CUST1854,Mike Elliott,53,Non-binary,OH,Frequent Spenders,7,420,2023-07-13
CUST1855,Zoe Frye,47,F,NC,Frequent Spenders,2,916,2023-08-12
CUST1856,Jeffrey Baker,49,F,PA,Urban Millennials,15,6015,2025-02-17
CUST1857,Rodney Blackwell,59,M,NY,Frequent Spenders,13,494,2024-11-12
CUST1858,Jennifer Wiggins DDS,53,Non-binary,CA,Urban Millennials,19,6384,2023-06-23
CUST1859,Robert Johnson,58,F,GA,Occasional Buyers,6,2130,2023-11-12
CUST1860,Adam Chambers,60,F,PA,Budget Buyers,1,438,2023-05-16
CUST1861,Timothy Oliver,32,F,PA,Occasional Buyers,19,6213,2024-11-17
CUST1862,Mark Coleman,48,Non-binary,PA,Frequent Spenders,3,207,2024-09-11
CUST1863,Sheila Houston,66,Non-binary,FL,Urban Millennials,10,2010,2024-06-07
CUST1864,Angela Bright,71,Non-binary,IL,Occasional Buyers,16,3376,2024-03-21
CUST1865,Pamela Harris,62,M,CA,High-Value Customers,15,1365,2024-06-24
CUST1866,Paige Harper,70,Non-binary,OH,Urban Millennials,8,2656,2024-06-13
CUST1867,David Simmons,30,M,NY,Frequent Spenders,6,1524,2023-05-07
CUST1868,Mark Henderson,70,M,PA,Urban Millennials,13,559,2023-12-05
CUST1869,Austin Hoover,77,Non-binary,NC,Urban Millennials,14,3556,2024-05-23
CUST1870,Benjamin Yang,60,Non-binary,GA,High-Value Customers,15,330,2023-04-27
CUST1871,Jessica Snyder,51,Non-binary,CA,Occasional Buyers,13,5837,2024-12-23
CUST1872,Brenda Davis,55,F,GA,High-Value Customers,18,1944,2023-06-15
CUST1873,Chelsea Harvey,64,M,NY,Frequent Spenders,19,6270,2023-10-01
CUST1874,Stacy Wiley,74,F,GA,Frequent Spenders,13,4303,2024-08-23
CUST1875,Alexandra Stewart,76,Non-binary,FL,Budget Buyers,12,2340,2023-07-15
CUST1876,John Young,80,F,MI,High-Value Customers,4,924,2023-06-29
CUST1877,Paul Smith,56,Non-binary,GA,Budget Buyers,17,7820,2023-09-01
CUST1878,Henry Schwartz,38,Non-binary,GA,High-Value Customers,6,762,2024-10-25
CUST1879,Pamela Davenport,57,Non-binary,IL,Budget Buyers,4,1532,2024-07-29
CUST1880,Bryan Simpson,59,M,GA,Occasional Buyers,20,3700,2023-10-02
CUST1881,Elizabeth Smith,63,M,PA,Occasional Buyers,15,4770,2024-01-17
CUST1882,Matthew Cox,54,Non-binary,OH,Occasional Buyers,9,4221,2024-10-12
CUST1883,Julie Mccoy,72,F,CA,Occasional Buyers,3,96,2024-03-20
CUST1884,Michael Cox,42,M,CA,Urban Millennials,6,936,2023-10-31
CUST1885,Dana Murphy,66,M,IL,Budget Buyers,4,1796,2025-01-28
CUST1886,Wendy Smith,21,Non-binary,IL,High-Value Customers,17,612,2023-06-13
CUST1887,Erin Hood,40,F,NY,Occasional Buyers,17,7854,2024-01-04
CUST1888,David Sawyer,32,Non-binary,GA,Frequent Spenders,7,1967,2024-03-02
CUST1889,Samantha Miller,68,Non-binary,IL,Urban Millennials,12,2616,2023-04-05
CUST1890,Susan Harris,44,Non-binary,PA,Occasional Buyers,1,26,2023-03-20
CUST1891,Jeremiah Stephens,65,F,FL,Occasional Buyers,14,6216,2024-09-04
CUST1892,Chad Landry,32,Non-binary,PA,Occasional Buyers,17,6766,2023-04-13
CUST1893,Angela Henson,56,M,FL,Budget Buyers,14,1540,2023-08-17
CUST1894,Ashley Brown,80,Non-binary,NY,High-Value Customers,5,1980,2025-01-06
CUST1895,Matthew Reed,50,M,OH,Urban Millennials,13,2106,2025-02-11
CUST1896,Angelica Marshall,53,F,TX,High-Value Customers,18,8154,2025-01-12
CUST1897,Carolyn Allen,34,M,PA,Frequent Spenders,4,160,2024-06-18
CUST1898,Jessica Carr,27,F,NC,Urban Millennials,20,6700,2023-05-10
CUST1899,Joseph Hunter,71,Non-binary,IL,Frequent Spenders,18,5418,2023-05-05
CUST1900,Desiree Mason,40,M,PA,Occasional Buyers,7,798,2023-10-26
CUST1901,Ashley Walker,51,M,GA,High-Value Customers,13,3874,2024-10-10
CUST1902,Nancy Nguyen,52,F,NY,Budget Buyers,7,3304,2023-09-01
CUST1903,Thomas Keith,31,Non-binary,PA,Budget Buyers,11,1870,2023-10-16
CUST1904,Jordan Taylor,31,Non-binary,GA,Frequent Spenders,17,7497,2023-03-22
CUST1905,Raymond Buck,66,Non-binary,CA,Urban Millennials,11,2728,2023-03-05
CUST1906,Brandy Jones,33,Non-binary,NC,Occasional Buyers,7,280,2024-05-26
CUST1907,Michael James,61,F,OH,Urban Millennials,12,1812,2025-02-02
CUST1908,Steven Henry,52,Non-binary,IL,Urban Millennials,16,7040,2023-06-20
CUST1909,Molly Smith,67,F,GA,Occasional Buyers,14,3766,2024-08-13
CUST1910,Kristin Wilson,20,F,FL,Budget Buyers,16,992,2024-11-06
CUST1911,Dr. Kimberly Hammond,78,M,TX,Occasional Buyers,17,391,2025-01-27
CUST1912,Melissa Martinez,58,M,FL,High-Value Customers,13,5811,2024-05-11
CUST1913,James Turner,24,M,GA,Frequent Spenders,20,8760,2025-02-19
CUST1914,Mckenzie Santos,78,M,TX,Urban Millennials,14,5418,2024-04-28
CUST1915,Jeffrey Davis,39,M,NY,Urban Millennials,1,111,2024-02-11
CUST1916,Whitney Strickland,68,F,GA,Urban Millennials,18,7920,2024-11-19
CUST1917,Ann Smith,32,F,OH,Frequent Spenders,14,4788,2023-12-26
CUST1918,Joseph Watts,43,F,PA,Urban Millennials,12,4368,2023-05-29
CUST1919,Zachary Johnson,25,Non-binary,CA,Occasional Buyers,2,814,2024-06-10
CUST1920,Zachary Parker,65,Non-binary,CA,Urban Millennials,11,5445,2023-12-10
CUST1921,Janice Collins,50,M,IL,Budget Buyers,19,1216,2023-08-24
CUST1922,Stephanie Mckinney,36,F,OH,Frequent Spenders,0,0,2025-01-27
CUST1923,Alexander Barnes,28,Non-binary,FL,High-Value Customers,12,5124,2024-03-20
CUST1924,Scott Barber,69,Non-binary,IL,High-Value Customers,9,3294,2023-07-09
CUST1925,Andrew Williams,74,Non-binary,PA,Urban Millennials,17,7939,2024-08-30
CUST1926,Robert Stanton,53,M,NY,Urban Millennials,0,0,2023-03-16
CUST1927,Micheal Brooks,56,F,GA,Occasional Buyers,2,352,2024-12-16
CUST1928,Kayla Burgess,31,Non-binary,PA,High-Value Customers,13,6279,2024-08-21
CUST1929,Anthony Daniel,59,Non-binary,TX,High-Value Customers,5,665,2024-04-25
CUST1930,John Klein,57,F,FL,Urban Millennials,5,1815,2024-08-14
CUST1931,Loretta Cook,69,Non-binary,CA,Occasional Buyers,14,4900,2023-04-28
CUST1932,Steven Perez,53,M,IL,Urban Millennials,8,560,2024-10-10
CUST1933,Scott Romero,30,Non-binary,NC,Frequent Spenders,10,2020,2023-03-07
CUST1934,Pamela Harris,26,Non-binary,FL,Urban Millennials,9,3033,2024-10-31
CUST1935,Crystal Jimenez,22,M,PA,Frequent Spenders,14,2632,2024-12-15
CUST1936,Daniel Young,57,Non-binary,IL,Occasional Buyers,4,1236,2024-12-16
CUST1937,Jessica Baker,54,F,PA,Frequent Spenders,5,110,2023-04-17
CUST1938,Scott Moreno,38,M,FL,Frequent Spenders,8,3600,2024-10-14
CUST1939,Richard Walters,41,M,PA,Frequent Spenders,14,3472,2024-12-10
CUST1940,Carla Wolf,40,F,MI,Occasional Buyers,3,327,2024-07-07
CUST1941,Darlene Rogers,59,Non-binary,NY,Budget Buyers,4,1904,2025-02-25
CUST1942,Ashley Reyes,52,M,IL,Urban Millennials,2,952,2024-10-11
CUST1943,Michelle Vasquez,19,Non-binary,CA,Occasional Buyers,18,4086,2023-05-23
CUST1944,Maria Thompson,67,Non-binary,FL,Urban Millennials,17,2601,2023-05-17
CUST1945,Stacie Wilson,52,Non-binary,MI,High-Value Customers,11,2420,2023-08-04
CUST1946,Gina Bruce,32,Non-binary,IL,High-Value Customers,14,3864,2023-11-07
CUST1947,Robert Armstrong,50,M,OH,Budget Buyers,16,400,2023-11-30
CUST1948,Amy Martin,60,M,NC,High-Value Customers,16,1456,2023-11-04
CUST1949,Autumn Lloyd,46,M,TX,Occasional Buyers,18,6426,2024-11-15
CUST1950,Gary Baker,73,M,MI,Budget Buyers,1,132,2023-10-23
CUST1951,Benjamin Robbins,66,F,FL,Urban Millennials,8,1672,2024-11-29
CUST1952,Jeffrey Potts,32,M,FL,Occasional Buyers,11,2398,2023-04-30
CUST1953,Jeffrey Taylor,48,F,CA,Urban Millennials,20,3700,2024-03-28
CUST1954,Susan Martin,24,Non-binary,GA,Budget Buyers,8,2528,2025-01-09
CUST1955,Nicole Leblanc,52,Non-binary,TX,Frequent Spenders,20,4260,2024-04-22
CUST1956,Frank Allison,41,Non-binary,NY,Occasional Buyers,8,1696,2024-01-05
CUST1957,Amanda Powell,80,M,GA,Frequent Spenders,11,4818,2023-06-05
CUST1958,James Sanchez,73,F,MI,Frequent Spenders,19,437,2024-07-26
CUST1959,Elaine Smith,50,M,MI,High-Value Customers,7,413,2024-09-12
CUST1960,Russell Rocha,50,Non-binary,IL,High-Value Customers,4,460,2024-11-06
CUST1961,Mary Jones,28,F,NC,Urban Millennials,7,1624,2023-07-27
CUST1962,Savannah Arnold,69,F,NY,Frequent Spenders,15,3975,2024-09-07
CUST1963,Alexandra Wilson,31,Non-binary,TX,Frequent Spenders,0,0,2023-11-14
CUST1964,Jacqueline Yang,20,M,NC,Occasional Buyers,5,440,2024-10-07
CUST1965,Kristin Cummings,58,Non-binary,CA,Occasional Buyers,4,192,2024-05-21
CUST1966,Elizabeth Martin,28,F,TX,Occasional Buyers,12,3912,2024-02-17
CUST1967,Corey Guerra,80,Non-binary,CA,Budget Buyers,2,260,2024-03-11
CUST1968,Mark Briggs,46,Non-binary,MI,Frequent Spenders,5,660,2024-11-01
CUST1969,Daniel Chapman,71,F,NC,High-Value Customers,18,7920,2025-02-18
CUST1970,Erik Melton,67,M,NC,Occasional Buyers,8,840,2023-10-04
CUST1971,Seth Preston,64,Non-binary,PA,Frequent Spenders,19,6118,2024-05-22
CUST1972,Carol Baker,22,M,OH,Frequent Spenders,4,300,2025-01-27
CUST1973,Helen Roberts,19,M,GA,Occasional Buyers,13,5759,2024-01-23
CUST1974,Leslie Howard,27,Non-binary,NY,High-Value Customers,15,7215,2023-10-06
CUST1975,Christine Wolfe,57,Non-binary,CA,Occasional Buyers,16,6480,2024-04-21
CUST1976,Helen Li,25,M,MI,High-Value Customers,19,5624,2023-05-09
CUST1977,Andre Thomas,70,M,OH,Occasional Buyers,13,2717,2024-12-07
CUST1978,Carlos Cole,73,M,GA,Frequent Spenders,7,3500,2023-03-22
CUST1979,Sarah Cabrera MD,69,F,OH,Budget Buyers,18,7758,2023-10-14
CUST1980,David Gill,65,Non-binary,NC,Urban Millennials,13,1144,2023-11-08
CUST1981,Gloria Romero,34,F,FL,Urban Millennials,9,2934,2023-06-10
CUST1982,Kimberly Smith,74,Non-binary,OH,Budget Buyers,6,132,2024-06-25
CUST1983,Kathryn Dyer,63,Non-binary,CA,Occasional Buyers,16,1280,2023-11-30
CUST1984,Michelle Mccall,51,M,OH,High-Value Customers,10,2290,2023-07-27
CUST1985,Kendra Moody,41,M,TX,Frequent Spenders,20,6380,2024-01-31
CUST1986,Latoya Johnson,34,F,GA,Frequent Spenders,18,3726,2023-08-01
CUST1987,Jill Thomas,57,F,OH,High-Value Customers,13,3926,2023-07-09
CUST1988,Kim Ruiz,68,Non-binary,MI,High-Value Customers,11,3366,2024-03-21
CUST1989,Kaitlin Hall,53,F,IL,Budget Buyers,18,3528,2025-01-01
CUST1990,Daniel Aguilar,67,Non-binary,OH,High-Value Customers,3,1206,2023-06-16
CUST1991,Christopher Montes,32,F,TX,Urban Millennials,6,1680,2023-08-13
CUST1992,David Anderson,43,F,GA,Occasional Buyers,1,102,2023-06-18
CUST1993,Joshua Dawson,42,Non-binary,CA,Urban Millennials,4,1044,2023-09-14
CUST1994,Jacob Walker,77,Non-binary,OH,Urban Millennials,2,308,2024-10-04
CUST1995,Anthony Cook,32,F,NY,Occasional Buyers,1,390,2023-08-25
CUST1996,James Ray,42,F,NC,Occasional Buyers,9,3456,2023-07-28
CUST1997,Judith Melton,79,Non-binary,CA,High-Value Customers,20,5460,2023-05-14
CUST1998,Mary Hudson,46,M,FL,Occasional Buyers,9,1071,2024-01-27
CUST1999,Cassidy Nguyen,20,Non-binary,GA,Occasional Buyers,7,2338,2024-05-21
