campaign_id,objective,start_date,end_date,channel,target_segment,budget,impressions,clicks,conversions,top_state
CAMP001,Upsell,2023-09-12,2024-11-11,SMS,Occasional Buyers,10138,164532,13017,861,IL
CAMP002,Upsell,2024-02-03,2024-12-18,SMS,High-Value Customers,5410,41167,780,45,NY
CAMP003,Upsell,2023-09-03,2024-01-28,Email,High-Value Customers,13538,643952,45803,3339,NC
CAMP004,Awareness,2023-10-25,2024-09-25,Email,Occasional Buyers,17128,841239,43695,4108,MI
CAMP005,Upsell,2023-11-27,2024-02-04,DirectMail,Occasional Buyers,12259,858802,75033,9903,CA
CAMP006,Upsell,2023-03-03,2025-01-31,Email,Frequent Spenders,15749,339839,29483,3431,CA
CAMP007,Awareness,2023-09-10,2023-10-26,Social,Occasional Buyers,10930,937675,68961,8531,TX
CAMP008,Retention,2023-09-30,2024-07-29,SMS,Frequent Spenders,4584,606487,42910,6394,GA
CAMP009,Upsell,2023-04-28,2024-07-12,SMS,Occasional Buyers,6121,541297,8128,727,NC
CAMP010,Upsell,2023-07-15,2023-12-22,DirectMail,Budget Buyers,11501,74407,932,52,PA
CAMP011,Retention,2023-09-07,2024-02-20,Email,Budget Buyers,13470,112078,5439,1081,OH
CAMP012,Retention,2023-06-10,2025-01-26,Email,High-Value Customers,9113,256019,17493,2429,NY
CAMP013,Retention,2023-11-24,2024-09-08,Email,Budget Buyers,6563,30669,1792,99,OH
CAMP014,Upsell,2023-12-28,2025-02-15,DirectMail,Urban Millennials,16391,626551,7519,732,NC
CAMP015,Upsell,2023-11-27,2024-05-29,DirectMail,Occasional Buyers,4202,857591,46268,7108,FL
CAMP016,Retention,2023-06-04,2023-12-06,SMS,Occasional Buyers,12126,184721,12068,1261,OH
CAMP017,Conversion,2023-11-02,2024-12-27,SMS,Urban Millennials,18558,234479,8408,480,NC
CAMP018,Upsell,2024-02-14,2024-12-28,Social,Occasional Buyers,4013,762570,65563,4209,PA
CAMP019,Retention,2023-11-13,2024-08-19,Email,Occasional Buyers,18401,508355,24624,2514,NY
CAMP020,Retention,2024-02-29,2024-05-31,DirectMail,Frequent Spenders,18693,338574,9482,1046,NC
CAMP021,Upsell,2024-01-19,2024-03-14,Social,Urban Millennials,17915,914616,24501,3059,MI
CAMP022,Retention,2024-01-16,2024-09-09,SMS,Occasional Buyers,2962,557639,15646,1867,FL
CAMP023,Conversion,2023-06-30,2024-08-21,DirectMail,Frequent Spenders,14443,344132,30082,5615,FL
CAMP024,Upsell,2023-05-27,2023-10-05,DirectMail,Budget Buyers,6262,278903,20029,1710,FL
CAMP025,Awareness,2023-04-09,2024-01-20,Social,High-Value Customers,1907,267516,21865,2111,MI
CAMP026,Upsell,2023-07-28,2024-03-18,SMS,Urban Millennials,7618,177099,6117,332,IL
CAMP027,Conversion,2023-06-06,2024-04-18,Email,Frequent Spenders,1652,68014,5941,371,NC
CAMP028,Retention,2023-03-26,2024-08-22,Email,Frequent Spenders,12909,714299,49407,3139,TX
CAMP029,Conversion,2023-04-29,2023-05-31,Email,Occasional Buyers,17392,988253,20612,3084,NC
CAMP030,Retention,2023-07-30,2024-04-30,SMS,Urban Millennials,8801,638958,13421,2295,PA
CAMP031,Upsell,2023-11-21,2024-10-23,Social,Frequent Spenders,8143,161286,3163,259,IL
CAMP032,Upsell,2023-12-22,2024-03-01,SMS,Budget Buyers,2832,524178,30408,4711,NY
CAMP033,Retention,2023-03-13,2024-02-09,SMS,Frequent Spenders,9072,301224,26853,5116,PA
CAMP034,Upsell,2023-04-28,2024-02-25,DirectMail,Budget Buyers,1690,686748,66623,9385,CA
CAMP035,Conversion,2023-04-24,2024-09-09,DirectMail,Occasional Buyers,13605,334291,22566,3499,NY
CAMP036,Conversion,2023-04-21,2024-05-01,SMS,Frequent Spenders,1257,963983,92992,17587,IL
CAMP037,Retention,2023-08-13,2025-01-18,Email,High-Value Customers,10745,230606,20142,1491,MI
CAMP038,Retention,2023-11-03,2024-03-25,SMS,Urban Millennials,9979,918533,15806,2638,MI
CAMP039,Upsell,2023-08-01,2024-07-15,SMS,Budget Buyers,14840,929350,86122,5603,TX
CAMP040,Retention,2024-01-04,2024-10-23,Email,Budget Buyers,14791,641364,48506,6410,PA
CAMP041,Upsell,2023-04-03,2024-11-17,Email,Urban Millennials,7020,670766,33475,4892,CA
CAMP042,Upsell,2023-12-09,2024-02-26,Social,Budget Buyers,11280,613779,10680,786,GA
CAMP043,Conversion,2023-12-22,2024-11-19,SMS,Budget Buyers,15794,511602,45335,3174,TX
CAMP044,Retention,2023-06-30,2024-02-14,DirectMail,High-Value Customers,3765,444631,19156,2088,OH
CAMP045,Conversion,2023-08-14,2024-10-19,Email,Urban Millennials,19301,688540,44810,3777,NY
CAMP046,Upsell,2024-02-22,2024-03-03,Social,Budget Buyers,6529,62201,2867,327,IL
CAMP047,Conversion,2023-04-21,2024-10-30,Email,Budget Buyers,6574,604797,12435,1962,OH
CAMP048,Upsell,2023-10-13,2023-10-16,SMS,Urban Millennials,8355,758225,21444,4115,IL
CAMP049,Retention,2024-02-11,2025-01-17,SMS,Frequent Spenders,5266,462259,40249,5635,IL
CAMP050,Conversion,2023-09-04,2024-11-24,SMS,High-Value Customers,14386,840958,19455,1819,IL
