influencer_id,name,platform,follower_count,engagement_rate,primary_state
INFL001,Patricia Andrade,TikTok,470609,9.4,CA
INFL002,Christopher Allen,Instagram,182989,8.1,OH
INFL003,Benjamin Blake,YouTube,256934,10.4,TX
INFL004,Greg Henry,TikTok,71561,9.1,IL
INFL005,Michael Tate,Instagram,314108,7.9,PA
INFL006,Martin Adams,YouTube,119163,2.3,GA
INFL007,Laura Burnett,YouTube,124341,4.6,PA
INFL008,Patricia Scott,Instagram,117041,8.0,IL
INFL009,Robin Nelson,TikTok,239054,14.0,IL
INFL010,Brenda Richardson,YouTube,371352,12.6,IL
INFL011,Brianna Hubbard,TikTok,214107,7.1,TX
INFL012,Casey Roberts,YouTube,436331,14.9,TX
INFL013,Michael Salinas,TikTok,497235,13.9,MI
INFL014,Jessica Tate,Instagram,149048,3.1,FL
INFL015,Gina Thomas,Instagram,68802,7.6,TX
INFL016,Hannah Martin,TikTok,294912,7.1,MI
INFL017,Adrian Holt,Instagram,281483,6.0,GA
INFL018,Craig Johnson,YouTube,289997,7.9,TX
INFL019,David Mitchell,Instagram,233293,2.3,IL
INFL020,George Howe,Instagram,487756,3.4,GA
INFL021,James Collins,YouTube,345303,13.5,NC
INFL022,James Shepard,Instagram,355946,15.0,CA
INFL023,Ronald Parker,TikTok,452049,9.0,OH
INFL024,Jack Love,Instagram,179057,11.8,NY
INFL025,Juan Porter,YouTube,63611,5.0,NY
INFL026,Mary Bonilla,YouTube,245852,9.3,NY
INFL027,Melissa Thornton,YouTube,130622,1.4,MI
INFL028,Sherry Nelson,TikTok,395788,7.7,IL
INFL029,Bianca Flores,TikTok,394984,1.1,CA
INFL030,Lisa Anderson,TikTok,376298,14.3,PA
INFL031,Laura Garrett,TikTok,434994,13.7,NC
INFL032,Deborah Moreno,Instagram,160817,13.1,IL
INFL033,Breanna Green,YouTube,468458,1.8,NY
INFL034,Jacqueline Gibson,TikTok,365774,6.3,OH
INFL035,Emily Patterson,YouTube,143328,4.4,OH
INFL036,Joseph Chavez,Instagram,60754,12.9,TX
INFL037,Tammy Harper,YouTube,458678,6.6,TX
INFL038,David Cunningham,Instagram,206524,7.9,OH
INFL039,Charles Watson,TikTok,472761,13.9,NC
INFL040,Ivan Nolan,Instagram,238242,10.3,PA
INFL041,Jacob Brown,TikTok,154790,7.9,OH
INFL042,Cheryl Russell,YouTube,190760,8.9,OH
INFL043,Joseph Barton,Instagram,446618,6.9,PA
INFL044,Sarah Mendez,TikTok,147704,7.1,OH
INFL045,Kelly Ross,Instagram,71201,8.2,MI
INFL046,Clayton Simon,TikTok,167561,10.1,TX
INFL047,Lisa Prince,YouTube,326445,9.8,GA
INFL048,Mrs. Anna Grant,Instagram,202412,7.6,NY
INFL049,Paul Shaw,YouTube,207492,3.1,TX
INFL050,Alexis Villa,TikTok,207500,12.8,GA
