{
  "segments": [
    {
      "name": "Urban Millennials",
      "criteria": "Age 18-35, urban areas, high social engagement"
    },
    {
      "name": "High-Value Customers",
      "criteria": "Total spent > $5000, frequent purchases"
    },
    {
      "name": "Budget Buyers",
      "criteria": "Low spending, price-sensitive"
    },
    {
      "name": "Frequent Spenders",
      "criteria": "High purchase frequency regardless of amount"
    },
    {
      "name": "Occasional Buyers",
      "criteria": "Low frequency, sporadic purchases"
    }
  ]
}