{
  "nodes": [
    {
      "id": "b61c2488-defe-430a-a99e-18ed6919617e",
      "name": "Parent_Orchestrator",
      "explanation": "I will now begin the strategy process",
      "runtime": 3.99974
    },
    {
      "id": "49c10f8b-908c-4577-aa0c-315170ac20c8",
      "name": "Trigger_Specialist",
      "explanation": "Updating Trigger with new campaign",
      "runtime": 0.00059
    },
    {
      "id": "4b7d76ce-a1eb-4c19-8186-5a3b7dae2e7b",
      "name": "Ephermal_Customer_Specialist",
      "explanation": "I have chosen to apply KMeans clustering on standardized customer features (age, num_purchases, total_spent) to partition customers into 3 clusters, revealing distinct segmentation characteristics.",
      "runtime": 4.86123
    },
    {
      "id": "27d846ef-04a6-4d2b-8ba6-161c290530a0",
      "name": "Ephermal_Historical_Campaign_Specialist",
      "explanation": "I have looked at the data, ill go with applying XGBoost with top features, thereby analysing the historical campaign data.",
      "runtime": 3.51213
    },
    {
      "id": "84d355c6-1ba1-4567-a110-cff4a0f61a5d",
      "name": "Ephermal_Sentiment_Specialist",
      "explanation": "I have chosen to apply a sentiment analysis model to understand the sentiment behind customer reviews, gaining insights into customer opinions and preferences.",
      "runtime": 3.5247
    },
    {
      "id": "783a3e9a-ea88-4d73-97da-e50ed56a77ec",
      "name": "Ephermal_KPI_Specialist",
      "explanation": "I have chosen to analyze business defined KPIs to set our boundaries",
      "runtime": 1.49
    },
    {
      "id": "01f6d4f5-071e-491a-936a-56b45668a8fc",
      "name": "Ephermal_Competitor_Specialist",
      "explanation": "I have chosen to analyze competitors to understand market trends and competitive opportunities",
      "runtime": 1.9204
    },
    {
      "id": "61fb96e7-1428-44f6-84f7-ff9306cb57d2",
      "name": "Ephermal_AB_Testing_Specialist",
      "explanation": "I have chosen to review our previous AB tests results",
      "runtime": 1.11812
    },
    {
      "id": "777c3514-4915-4432-bad2-e52d9ef0de19",
      "name": "Ephermal_Advertising_Specialist",
      "explanation": "I have chosen to review our previous advertising spend data to evaluate our strategy and performance going forward.",
      "runtime": 4.54881
    },
    {
      "id": "48067274-d4f4-46e4-82e1-b53894cb201e",
      "name": "Ephermal_Brand_Guidelines_Specialist",
      "explanation": "I will now structure neccesary brand guidelines for the campaign",
      "runtime": 4.55845
    },
    {
      "id": "9d8949bb-e9e0-415a-9f0e-158d72e79182",
      "name": "Ephermal_Campaign_Overview_Report_Specialist",
      "explanation": "I will now gather all reports and create a single overview report to make it easier for the human to review and make a decision",
      "runtime": 3.47296
    },
    {
      "id": "bd6affac-fb92-4018-9cd9-87d4f421bf13",
      "name": "Ephermal_Sentiment_Analysis_Specialist"
    },
    {
      "id": "d497664a-9533-4d2c-aa15-e7029ed27b9f",
      "name": "Ephermal_Competitor_Analysis_Specialist"
    },
    {
      "id": "6a3702b4-f32c-46e8-8c99-a862245266c5",
      "name": "Ephermal_Strategy_Specialist",
      "explanation": "Upon looking at the reports, I have identified the strategy for the campaign. Which is ready to be reviewed by a human.",
      "runtime": 36.28214
    },
    {
      "id": "55d057f0-0b03-4a5b-a580-8007a311b126",
      "name": "Ephermal_Content_Writer",
      "explanation": "I have read and understood the approved strategy, thereby i have created a content write-up for each channel and defining the style in which I want the banner and what is to be in it.",
      "runtime": 12.99995
    },
    {
      "id": "9cba7f6a-d380-419a-a24f-dabeef49757e",
      "name": "Ephermal_Banner_Generator_Specialist",
      "explanation": "The request and requirement for each channel had been fulfilled, I have gone ahead and created the banners.",
      "runtime": 42.64655
    }
  ],
  "connections": [
    {
      "from": "b61c2488-defe-430a-a99e-18ed6919617e",
      "to": "49c10f8b-908c-4577-aa0c-315170ac20c8"
    },
    {
      "from": "b61c2488-defe-430a-a99e-18ed6919617e",
      "to": "4b7d76ce-a1eb-4c19-8186-5a3b7dae2e7b"
    },
    {
      "from": "b61c2488-defe-430a-a99e-18ed6919617e",
      "to": "27d846ef-04a6-4d2b-8ba6-161c290530a0"
    },
    {
      "from": "4b7d76ce-a1eb-4c19-8186-5a3b7dae2e7b",
      "to": "27d846ef-04a6-4d2b-8ba6-161c290530a0"
    },
    {
      "from": "b61c2488-defe-430a-a99e-18ed6919617e",
      "to": "84d355c6-1ba1-4567-a110-cff4a0f61a5d"
    },
    {
      "from": "4b7d76ce-a1eb-4c19-8186-5a3b7dae2e7b",
      "to": "84d355c6-1ba1-4567-a110-cff4a0f61a5d"
    },
    {
      "from": "27d846ef-04a6-4d2b-8ba6-161c290530a0",
      "to": "84d355c6-1ba1-4567-a110-cff4a0f61a5d"
    },
    {
      "from": "b61c2488-defe-430a-a99e-18ed6919617e",
      "to": "783a3e9a-ea88-4d73-97da-e50ed56a77ec"
    },
    {
      "from": "b61c2488-defe-430a-a99e-18ed6919617e",
      "to": "01f6d4f5-071e-491a-936a-56b45668a8fc"
    },
    {
      "from": "27d846ef-04a6-4d2b-8ba6-161c290530a0",
      "to": "01f6d4f5-071e-491a-936a-56b45668a8fc"
    },
    {
      "from": "b61c2488-defe-430a-a99e-18ed6919617e",
      "to": "61fb96e7-1428-44f6-84f7-ff9306cb57d2"
    },
    {
      "from": "783a3e9a-ea88-4d73-97da-e50ed56a77ec",
      "to": "61fb96e7-1428-44f6-84f7-ff9306cb57d2"
    },
    {
      "from": "27d846ef-04a6-4d2b-8ba6-161c290530a0",
      "to": "61fb96e7-1428-44f6-84f7-ff9306cb57d2"
    },
    {
      "from": "b61c2488-defe-430a-a99e-18ed6919617e",
      "to": "777c3514-4915-4432-bad2-e52d9ef0de19"
    },
    {
      "from": "01f6d4f5-071e-491a-936a-56b45668a8fc",
      "to": "777c3514-4915-4432-bad2-e52d9ef0de19"
    },
    {
      "from": "61fb96e7-1428-44f6-84f7-ff9306cb57d2",
      "to": "777c3514-4915-4432-bad2-e52d9ef0de19"
    },
    {
      "from": "27d846ef-04a6-4d2b-8ba6-161c290530a0",
      "to": "777c3514-4915-4432-bad2-e52d9ef0de19"
    },
    {
      "from": "b61c2488-defe-430a-a99e-18ed6919617e",
      "to": "48067274-d4f4-46e4-82e1-b53894cb201e"
    },
    {
      "from": "b61c2488-defe-430a-a99e-18ed6919617e",
      "to": "9d8949bb-e9e0-415a-9f0e-158d72e79182"
    },
    {
      "from": "49c10f8b-908c-4577-aa0c-315170ac20c8",
      "to": "9d8949bb-e9e0-415a-9f0e-158d72e79182"
    },
    {
      "from": "4b7d76ce-a1eb-4c19-8186-5a3b7dae2e7b",
      "to": "9d8949bb-e9e0-415a-9f0e-158d72e79182"
    },
    {
      "from": "27d846ef-04a6-4d2b-8ba6-161c290530a0",
      "to": "9d8949bb-e9e0-415a-9f0e-158d72e79182"
    },
    {
      "from": "48067274-d4f4-46e4-82e1-b53894cb201e",
      "to": "9d8949bb-e9e0-415a-9f0e-158d72e79182"
    },
    {
      "from": "783a3e9a-ea88-4d73-97da-e50ed56a77ec",
      "to": "9d8949bb-e9e0-415a-9f0e-158d72e79182"
    },
    {
      "from": "61fb96e7-1428-44f6-84f7-ff9306cb57d2",
      "to": "9d8949bb-e9e0-415a-9f0e-158d72e79182"
    },
    {
      "from": "777c3514-4915-4432-bad2-e52d9ef0de19",
      "to": "9d8949bb-e9e0-415a-9f0e-158d72e79182"
    },
    {
      "from": "bd6affac-fb92-4018-9cd9-87d4f421bf13",
      "to": "9d8949bb-e9e0-415a-9f0e-158d72e79182"
    },
    {
      "from": "d497664a-9533-4d2c-aa15-e7029ed27b9f",
      "to": "9d8949bb-e9e0-415a-9f0e-158d72e79182"
    },
    {
      "from": "b61c2488-defe-430a-a99e-18ed6919617e",
      "to": "9d8949bb-e9e0-415a-9f0e-158d72e79182"
    },
    {
      "from": "9d8949bb-e9e0-415a-9f0e-158d72e79182",
      "to": "b61c2488-defe-430a-a99e-18ed6919617e"
    },
    {
      "from": "9d8949bb-e9e0-415a-9f0e-158d72e79182",
      "to": "6a3702b4-f32c-46e8-8c99-a862245266c5"
    },
    {
      "from": "b61c2488-defe-430a-a99e-18ed6919617e",
      "to": "6a3702b4-f32c-46e8-8c99-a862245266c5"
    },
    {
      "from": "6a3702b4-f32c-46e8-8c99-a862245266c5",
      "to": "55d057f0-0b03-4a5b-a580-8007a311b126"
    },
    {
      "from": "b61c2488-defe-430a-a99e-18ed6919617e",
      "to": "55d057f0-0b03-4a5b-a580-8007a311b126"
    },
    {
      "from": "55d057f0-0b03-4a5b-a580-8007a311b126",
      "to": "9cba7f6a-d380-419a-a24f-dabeef49757e"
    },
    {
      "from": "b61c2488-defe-430a-a99e-18ed6919617e",
      "to": "9cba7f6a-d380-419a-a24f-dabeef49757e"
    }
  ]
}